title,price,link,store,category,query,brand_or_model,model,suffix
"ابل ايفون 13 (128 جيجابايت) - ميدنايت مع خاصية التعرف على الوجه، (ضمان ضمان لمدة عامين)",29990,https://www.amazon.eg/%D8%A7%D8%A8%D9%84-%D8%A7%D9%8A%D9%81%D9%88%D9%86-13-128-%D8%AC%D9%8A%D8%AC%D8%A7%D8%A8%D8%A7%D9%8A%D8%AA/dp/B09G9DHS68/ref=sr_1_2,Amazon,mobiles,iphone,ايفون,13,
موبايل ايفون 16 برو ماكس سعة (256 جيجابايت) من ابل- لون أسود تيتانيوم,74950,https://www.amazon.eg/%D9%85%D9%88%D8%A8%D8%A7%D9%8A%D9%84-%D8%A7%D9%8A%D9%81%D9%88%D9%86-%D9%85%D8%A7%D9%83%D8%B3-%D8%AC%D9%8A%D8%AC%D8%A7%D8%A8%D8%A7%D9%8A%D8%AA-%D8%AA%D9%8A%D8%AA%D8%A7%D9%86%D9%8A%D9%88%D9%85/dp/B0DGJ2FB85/ref=sr_1_3,Amazon,mobiles,iphone,ايفون,16,برو
"ابل موبايل ايفون 16 (128 جيجابايت) - الترا مارين مع خاصية التعرف على الوجه، (ضمان ضمان لمدة عامين)",57777,https://www.amazon.eg/%D8%A7%D8%A8%D9%84-%D9%85%D9%88%D8%A8%D8%A7%D9%8A%D9%84-%D8%A7%D9%8A%D9%81%D9%88%D9%86-128-%D8%AC%D9%8A%D8%AC%D8%A7%D8%A8%D8%A7%D9%8A%D8%AA/dp/B0DGJ7TGDR/ref=sr_1_4,Amazon,mobiles,iphone,ايفون,16,
"آبل آيفون 16 برو (256 جيجابايت) - تيتانيوم طبيعي مع معرف الوجه، (ضمان رسمي لمدة سنتين)",86500,https://www.amazon.eg/%D8%A2%D8%A8%D9%84-%D8%A2%D9%8A%D9%81%D9%88%D9%86-%D8%A8%D8%B1%D9%88-256-%D8%AC%D9%8A%D8%AC%D8%A7%D8%A8%D8%A7%D9%8A%D8%AA/dp/B0DGJ1ZP3Q/ref=sr_1_5,Amazon,mobiles,iphone,ايفون,16,برو
موبايل آيفون 16 برو 256 جيجابايت من آبل تيتانيوم رملي ديزرت,71550,https://www.amazon.eg/%D9%85%D9%88%D8%A8%D8%A7%D9%8A%D9%84-%D8%A2%D9%8A%D9%81%D9%88%D9%86-%D8%AC%D9%8A%D8%AC%D8%A7%D8%A8%D8%A7%D9%8A%D8%AA-%D8%AA%D9%8A%D8%AA%D8%A7%D9%86%D9%8A%D9%88%D9%85-%D8%AF%D9%8A%D8%B2%D8%B1%D8%AA/dp/B0DGJ8C7T3/ref=sr_1_6,Amazon,mobiles,iphone,ايفون,16,برو
ابل آيفون 15 (128 جيجابايت) - بينك,49165,https://www.amazon.eg/%D8%A7%D8%A8%D9%84-%D8%A2%D9%8A%D9%81%D9%88%D9%86-15-128-%D8%AC%D9%8A%D8%AC%D8%A7%D8%A8%D8%A7%D9%8A%D8%AA/dp/B0CHXHSD5X/ref=sr_1_7,Amazon,mobiles,iphone,ايفون,15,
"موبايل ابل ايفون 13 مع فيس تايم (128 جيجابايت) - أزرق، بشريحتين",32844.15,https://www.amazon.eg/%D9%85%D9%88%D8%A8%D8%A7%D9%8A%D9%84-%D8%A7%D8%A8%D9%84-%D8%A7%D9%8A%D9%81%D9%88%D9%86-%D8%AA%D8%A7%D9%8A%D9%85-%D8%AC%D9%8A%D8%AC%D8%A7%D8%A8%D8%A7%D9%8A%D8%AA/dp/B09G9DZFQ7/ref=sr_1_8,Amazon,mobiles,iphone,ايفون,13,
"ابل موبايل ايفون 16 بلس (128 جيجابايت) - اخضر مع خاصية التعرف على الوجه، (ضمان ضمان لمدة عامين)",66999,https://www.amazon.eg/%D8%A7%D8%A8%D9%84-%D9%85%D9%88%D8%A8%D8%A7%D9%8A%D9%84-%D8%A7%D9%8A%D9%81%D9%88%D9%86-%D8%A8%D9%84%D8%B3-%D8%AC%D9%8A%D8%AC%D8%A7%D8%A8%D8%A7%D9%8A%D8%AA/dp/B0DGJCSH8R/ref=sr_1_9,Amazon,mobiles,iphone,ايفون,16,
موبايل آيفون 16 برو (128GB) بلون تيتانيوم ديزيرت مع خاصية التعرف على الوجه من آبل,77999,https://www.amazon.eg/%D9%85%D9%88%D8%A8%D8%A7%D9%8A%D9%84-%D8%A2%D9%8A%D9%81%D9%88%D9%86-%D8%AA%D9%8A%D8%AA%D8%A7%D9%86%D9%8A%D9%88%D9%85-%D8%AF%D9%8A%D8%B2%D9%8A%D8%B1%D8%AA-%D8%A7%D9%84%D8%AA%D8%B9%D8%B1%D9%81/dp/B0DGHZQXTJ/ref=sr_1_10,Amazon,mobiles,iphone,ايفون,16,برو
موبايل آبل آيفون 16 بشريحتين (128 جيجابايت) - أسود,52333,https://www.amazon.eg/%D9%85%D9%88%D8%A8%D8%A7%D9%8A%D9%84-%D8%A2%D8%A8%D9%84-%D8%A2%D9%8A%D9%81%D9%88%D9%86-%D8%A8%D8%B4%D8%B1%D9%8A%D8%AD%D8%AA%D9%8A%D9%86-%D8%AC%D9%8A%D8%AC%D8%A7%D8%A8%D8%A7%D9%8A%D8%AA/dp/B0DGJCJT48/ref=sr_1_11,Amazon,mobiles,iphone,ايفون,16,
"موبايل آبل آيفون 16 بلس (128 GB)، أزرق",57750,https://www.amazon.eg/%D9%85%D9%88%D8%A8%D8%A7%D9%8A%D9%84-%D8%A2%D8%A8%D9%84-%D8%A2%D9%8A%D9%81%D9%88%D9%86-%D8%A8%D9%84%D8%B3-%D8%A3%D8%B2%D8%B1%D9%82/dp/B0DGJ26Y33/ref=sr_1_12,Amazon,mobiles,iphone,ايفون,16,
آبل آيفون 16 (128 جيجابايت) - أبيض بشريحتين,52950,https://www.amazon.eg/%D8%A2%D8%A8%D9%84-%D8%A2%D9%8A%D9%81%D9%88%D9%86-16-128-%D8%AC%D9%8A%D8%AC%D8%A7%D8%A8%D8%A7%D9%8A%D8%AA/dp/B0DGHW3KKX/ref=sr_1_15,Amazon,mobiles,iphone,ايفون,16,
موبايل آبل آيفون 16 برو (128 جيجابايت) - تيتانيوم طبيعي مع خاصية التعرف على الوجه,71999,https://www.amazon.eg/%D9%85%D9%88%D8%A8%D8%A7%D9%8A%D9%84-%D8%A2%D8%A8%D9%84-%D8%A2%D9%8A%D9%81%D9%88%D9%86-%D8%A8%D8%B1%D9%88-%D8%AC%D9%8A%D8%AC%D8%A7%D8%A8%D8%A7%D9%8A%D8%AA/dp/B0DGHPQJLP/ref=sr_1_17,Amazon,mobiles,iphone,ايفون,16,برو
موبايل آبل آيفون 16 (128 جيجابايت) - لون أزرق مخضر,51550,https://www.amazon.eg/%D9%85%D9%88%D8%A8%D8%A7%D9%8A%D9%84-%D8%A2%D8%A8%D9%84-%D8%A2%D9%8A%D9%81%D9%88%D9%86-128-%D8%AC%D9%8A%D8%AC%D8%A7%D8%A8%D8%A7%D9%8A%D8%AA/dp/B0DGJHBXPG/ref=sr_1_18,Amazon,mobiles,iphone,ايفون,16,
"موبايل آبل آيفون 16 برو (ذاكرة 256 جيجابايت)، لون أبيض تيتانيوم",71500,https://www.amazon.eg/%D9%85%D9%88%D8%A8%D8%A7%D9%8A%D9%84-%D8%A2%D9%8A%D9%81%D9%88%D9%86-%D8%B0%D8%A7%D9%83%D8%B1%D8%A9-%D8%AC%D9%8A%D8%AC%D8%A7%D8%A8%D8%A7%D9%8A%D8%AA-%D8%AA%D9%8A%D8%AA%D8%A7%D9%86%D9%8A%D9%88%D9%85/dp/B0DGJFHR2J/ref=sr_1_19,Amazon,mobiles,iphone,ايفون,16,برو
موبايل آيفون 16 برو (128 جيجابايت) - تيتانيوم أبيض مع خاصية التعرف على الوجه من آبل,77999,https://www.amazon.eg/%D9%85%D9%88%D8%A8%D8%A7%D9%8A%D9%84-%D8%A2%D9%8A%D9%81%D9%88%D9%86-%D8%A8%D8%B1%D9%88-128-%D8%AC%D9%8A%D8%AC%D8%A7%D8%A8%D8%A7%D9%8A%D8%AA/dp/B0DGHS5NND/ref=sr_1_20,Amazon,mobiles,iphone,ايفون,16,برو
ابل موبايل ايفون 16 برو ماكس (256 جيجابايت) - ديزرت تيتانيوم,73732.45,https://www.amazon.eg/%D8%A7%D8%A8%D9%84-%D9%85%D9%88%D8%A8%D8%A7%D9%8A%D9%84-%D8%A7%D9%8A%D9%81%D9%88%D9%86-%D9%85%D8%A7%D9%83%D8%B3-%D8%AC%D9%8A%D8%AC%D8%A7%D8%A8%D8%A7%D9%8A%D8%AA/dp/B0DGJKQ3KW/ref=sr_1_24,Amazon,mobiles,iphone,ايفون,16,برو
"ابل موبايل ايفون 15 برو ماكس (256 جيجابايت) - تيتانيوم ازرق مع خاصية التعرف على الوجه، (ضمان لمدة عامين)",70950,https://www.amazon.eg/%D8%A7%D8%A8%D9%84-%D9%85%D9%88%D8%A8%D8%A7%D9%8A%D9%84-%D8%A7%D9%8A%D9%81%D9%88%D9%86-%D9%85%D8%A7%D9%83%D8%B3-%D8%AC%D9%8A%D8%AC%D8%A7%D8%A8%D8%A7%D9%8A%D8%AA/dp/B0CHXK8YL4/ref=sr_1_26,Amazon,mobiles,iphone,ايفون,15,برو
"موبايل ذكي اورا TA-1631 DS 4 جيجابايت/128 جيجابايت NENA2 شريحتين اتصال، مقاس 6.56 بوصة، أخضر من اتش ام دي، نينا 2",4910.4,https://www.amazon.eg/TA-1631-%D8%AC%D9%8A%D8%AC%D8%A7%D8%A8%D8%A7%D9%8A%D8%AA-%D8%B4%D8%B1%D9%8A%D8%AD%D8%AA%D9%8A%D9%86-%D8%A7%D8%AA%D8%B4-%D8%A7%D9%85/dp/B0D7ZSL3GG/ref=sr_1_28,Amazon,mobiles,iphone,Unknown,1631,
موبايل ريلمي C53 ثنائي شرائح الاتصال بذاكرة ROM 128 جيجابايت رام 6 GB شبكة الجيل الرابع 4G ذهبي شامبيون نسخة الشرق الأوسط,7075,https://www.amazon.eg/%D9%85%D9%88%D8%A8%D8%A7%D9%8A%D9%84-%D8%B1%D9%8A%D9%84%D9%85%D9%8A-%D8%A7%D9%84%D8%A7%D8%AA%D8%B5%D8%A7%D9%84-%D8%AC%D9%8A%D8%AC%D8%A7%D8%A8%D8%A7%D9%8A%D8%AA-%D8%B4%D8%A7%D9%85%D8%A8%D9%8A%D9%88%D9%86/dp/B0C5XJ2HRM/ref=sr_1_32,Amazon,mobiles,iphone,ريلمي,C53,
موبايل سامسونج جالاكسي S23 الترا بذاكرة رام 12 جيجا ذكي يعمل بنظام اندرويد بشريحتين اتصال لون أسود فانتوم,47950,https://www.amazon.eg/%D9%85%D9%88%D8%A8%D8%A7%D9%8A%D9%84-%D8%B3%D8%A7%D9%85%D8%B3%D9%88%D9%86%D8%AC-%D8%AC%D8%A7%D9%84%D8%A7%D9%83%D8%B3%D9%8A-%D8%A7%D9%86%D8%AF%D8%B1%D9%88%D9%8A%D8%AF-%D8%A8%D8%B4%D8%B1%D9%8A%D8%AD%D8%AA%D9%8A%D9%86/dp/B0BSLBMCB2/ref=sr_1_33,Amazon,mobiles,iphone,سامسونج,S23,
"ابل ايفون 13 (128 جيجابايت) - ميدنايت مع خاصية التعرف على الوجه، (ضمان ضمان لمدة عامين)",29990,https://www.amazon.eg/%D8%A7%D8%A8%D9%84-%D8%A7%D9%8A%D9%81%D9%88%D9%86-13-128-%D8%AC%D9%8A%D8%AC%D8%A7%D8%A8%D8%A7%D9%8A%D8%AA/dp/B09G9DHS68/ref=sr_1_4,Amazon,mobiles,apple,ايفون,13,
"آبل آيفون 16 برو (256 جيجابايت) - تيتانيوم طبيعي مع معرف الوجه، (ضمان رسمي لمدة سنتين)",86500,https://www.amazon.eg/%D8%A2%D8%A8%D9%84-%D8%A2%D9%8A%D9%81%D9%88%D9%86-%D8%A8%D8%B1%D9%88-256-%D8%AC%D9%8A%D8%AC%D8%A7%D8%A8%D8%A7%D9%8A%D8%AA/dp/B0DGJ1ZP3Q/ref=sr_1_5,Amazon,mobiles,apple,ايفون,16,برو
موبايل ايفون 16 برو ماكس سعة (256 جيجابايت) من ابل- لون أسود تيتانيوم,74950,https://www.amazon.eg/%D9%85%D9%88%D8%A8%D8%A7%D9%8A%D9%84-%D8%A7%D9%8A%D9%81%D9%88%D9%86-%D9%85%D8%A7%D9%83%D8%B3-%D8%AC%D9%8A%D8%AC%D8%A7%D8%A8%D8%A7%D9%8A%D8%AA-%D8%AA%D9%8A%D8%AA%D8%A7%D9%86%D9%8A%D9%88%D9%85/dp/B0DGJ2FB85/ref=sr_1_6,Amazon,mobiles,apple,ايفون,16,برو
"ابل موبايل ايفون 16 (128 جيجابايت) - الترا مارين مع خاصية التعرف على الوجه، (ضمان ضمان لمدة عامين)",57777,https://www.amazon.eg/%D8%A7%D8%A8%D9%84-%D9%85%D9%88%D8%A8%D8%A7%D9%8A%D9%84-%D8%A7%D9%8A%D9%81%D9%88%D9%86-128-%D8%AC%D9%8A%D8%AC%D8%A7%D8%A8%D8%A7%D9%8A%D8%AA/dp/B0DGJ7TGDR/ref=sr_1_8,Amazon,mobiles,apple,ايفون,16,
موبايل آيفون 16 برو (128GB) بلون تيتانيوم ديزيرت مع خاصية التعرف على الوجه من آبل,77999,https://www.amazon.eg/%D9%85%D9%88%D8%A8%D8%A7%D9%8A%D9%84-%D8%A2%D9%8A%D9%81%D9%88%D9%86-%D8%AA%D9%8A%D8%AA%D8%A7%D9%86%D9%8A%D9%88%D9%85-%D8%AF%D9%8A%D8%B2%D9%8A%D8%B1%D8%AA-%D8%A7%D9%84%D8%AA%D8%B9%D8%B1%D9%81/dp/B0DGHZQXTJ/ref=sr_1_10,Amazon,mobiles,apple,ايفون,16,برو
ابل آيفون 15 (128 جيجابايت) - بينك,49165,https://www.amazon.eg/%D8%A7%D8%A8%D9%84-%D8%A2%D9%8A%D9%81%D9%88%D9%86-15-128-%D8%AC%D9%8A%D8%AC%D8%A7%D8%A8%D8%A7%D9%8A%D8%AA/dp/B0CHXHSD5X/ref=sr_1_11,Amazon,mobiles,apple,ايفون,15,
"موبايل ابل ايفون 13 مع فيس تايم (128 جيجابايت) - أزرق، بشريحتين",32844.15,https://www.amazon.eg/%D9%85%D9%88%D8%A8%D8%A7%D9%8A%D9%84-%D8%A7%D8%A8%D9%84-%D8%A7%D9%8A%D9%81%D9%88%D9%86-%D8%AA%D8%A7%D9%8A%D9%85-%D8%AC%D9%8A%D8%AC%D8%A7%D8%A8%D8%A7%D9%8A%D8%AA/dp/B09G9DZFQ7/ref=sr_1_12,Amazon,mobiles,apple,ايفون,13,
"ابل موبايل ايفون 16 بلس (128 جيجابايت) - اخضر مع خاصية التعرف على الوجه، (ضمان ضمان لمدة عامين)",66999,https://www.amazon.eg/%D8%A7%D8%A8%D9%84-%D9%85%D9%88%D8%A8%D8%A7%D9%8A%D9%84-%D8%A7%D9%8A%D9%81%D9%88%D9%86-%D8%A8%D9%84%D8%B3-%D8%AC%D9%8A%D8%AC%D8%A7%D8%A8%D8%A7%D9%8A%D8%AA/dp/B0DGJCSH8R/ref=sr_1_13,Amazon,mobiles,apple,ايفون,16,
ابل موبايل ايفون 16 برو ماكس (256 جيجابايت) - ديزرت تيتانيوم,73732.45,https://www.amazon.eg/%D8%A7%D8%A8%D9%84-%D9%85%D9%88%D8%A8%D8%A7%D9%8A%D9%84-%D8%A7%D9%8A%D9%81%D9%88%D9%86-%D9%85%D8%A7%D9%83%D8%B3-%D8%AC%D9%8A%D8%AC%D8%A7%D8%A8%D8%A7%D9%8A%D8%AA/dp/B0DGJKQ3KW/ref=sr_1_14,Amazon,mobiles,apple,ايفون,16,برو
موبايل آيفون 16 برو 256 جيجابايت من آبل تيتانيوم رملي ديزرت,71550,https://www.amazon.eg/%D9%85%D9%88%D8%A8%D8%A7%D9%8A%D9%84-%D8%A2%D9%8A%D9%81%D9%88%D9%86-%D8%AC%D9%8A%D8%AC%D8%A7%D8%A8%D8%A7%D9%8A%D8%AA-%D8%AA%D9%8A%D8%AA%D8%A7%D9%86%D9%8A%D9%88%D9%85-%D8%AF%D9%8A%D8%B2%D8%B1%D8%AA/dp/B0DGJ8C7T3/ref=sr_1_15,Amazon,mobiles,apple,ايفون,16,برو
موبايل آيفون 16 برو (128 جيجابايت) - تيتانيوم أبيض مع خاصية التعرف على الوجه من آبل,77999,https://www.amazon.eg/%D9%85%D9%88%D8%A8%D8%A7%D9%8A%D9%84-%D8%A2%D9%8A%D9%81%D9%88%D9%86-%D8%A8%D8%B1%D9%88-128-%D8%AC%D9%8A%D8%AC%D8%A7%D8%A8%D8%A7%D9%8A%D8%AA/dp/B0DGHS5NND/ref=sr_1_16,Amazon,mobiles,apple,ايفون,16,برو
"موبايل آبل آيفون 16 برو (ذاكرة 256 جيجابايت)، لون أبيض تيتانيوم",71500,https://www.amazon.eg/%D9%85%D9%88%D8%A8%D8%A7%D9%8A%D9%84-%D8%A2%D9%8A%D9%81%D9%88%D9%86-%D8%B0%D8%A7%D9%83%D8%B1%D8%A9-%D8%AC%D9%8A%D8%AC%D8%A7%D8%A8%D8%A7%D9%8A%D8%AA-%D8%AA%D9%8A%D8%AA%D8%A7%D9%86%D9%8A%D9%88%D9%85/dp/B0DGJFHR2J/ref=sr_1_17,Amazon,mobiles,apple,ايفون,16,برو
موبايل آبل آيفون 16 برو (128 جيجابايت) - تيتانيوم طبيعي مع خاصية التعرف على الوجه,71999,https://www.amazon.eg/%D9%85%D9%88%D8%A8%D8%A7%D9%8A%D9%84-%D8%A2%D8%A8%D9%84-%D8%A2%D9%8A%D9%81%D9%88%D9%86-%D8%A8%D8%B1%D9%88-%D8%AC%D9%8A%D8%AC%D8%A7%D8%A8%D8%A7%D9%8A%D8%AA/dp/B0DGHPQJLP/ref=sr_1_18,Amazon,mobiles,apple,ايفون,16,برو
موبايل آبل آيفون 16 (128 جيجابايت) - لون أزرق مخضر,51550,https://www.amazon.eg/%D9%85%D9%88%D8%A8%D8%A7%D9%8A%D9%84-%D8%A2%D8%A8%D9%84-%D8%A2%D9%8A%D9%81%D9%88%D9%86-128-%D8%AC%D9%8A%D8%AC%D8%A7%D8%A8%D8%A7%D9%8A%D8%AA/dp/B0DGJHBXPG/ref=sr_1_21,Amazon,mobiles,apple,ايفون,16,
آبل آيفون 16 (128 جيجابايت) - أبيض بشريحتين,52950,https://www.amazon.eg/%D8%A2%D8%A8%D9%84-%D8%A2%D9%8A%D9%81%D9%88%D9%86-16-128-%D8%AC%D9%8A%D8%AC%D8%A7%D8%A8%D8%A7%D9%8A%D8%AA/dp/B0DGHW3KKX/ref=sr_1_22,Amazon,mobiles,apple,ايفون,16,
"موبايل آبل آيفون 16 بلس (128 GB)، أزرق",57750,https://www.amazon.eg/%D9%85%D9%88%D8%A8%D8%A7%D9%8A%D9%84-%D8%A2%D8%A8%D9%84-%D8%A2%D9%8A%D9%81%D9%88%D9%86-%D8%A8%D9%84%D8%B3-%D8%A3%D8%B2%D8%B1%D9%82/dp/B0DGJ26Y33/ref=sr_1_25,Amazon,mobiles,apple,ايفون,16,
موبايل آبل آيفون 16 بشريحتين (128 جيجابايت) - أسود,52333,https://www.amazon.eg/%D9%85%D9%88%D8%A8%D8%A7%D9%8A%D9%84-%D8%A2%D8%A8%D9%84-%D8%A2%D9%8A%D9%81%D9%88%D9%86-%D8%A8%D8%B4%D8%B1%D9%8A%D8%AD%D8%AA%D9%8A%D9%86-%D8%AC%D9%8A%D8%AC%D8%A7%D8%A8%D8%A7%D9%8A%D8%AA/dp/B0DGJCJT48/ref=sr_1_26,Amazon,mobiles,apple,ايفون,16,
"ابل موبايل ايفون 15 برو ماكس (256 جيجابايت) - تيتانيوم ازرق مع خاصية التعرف على الوجه، (ضمان لمدة عامين)",70950,https://www.amazon.eg/%D8%A7%D8%A8%D9%84-%D9%85%D9%88%D8%A8%D8%A7%D9%8A%D9%84-%D8%A7%D9%8A%D9%81%D9%88%D9%86-%D9%85%D8%A7%D9%83%D8%B3-%D8%AC%D9%8A%D8%AC%D8%A7%D8%A8%D8%A7%D9%8A%D8%AA/dp/B0CHXK8YL4/ref=sr_1_28,Amazon,mobiles,apple,ايفون,15,برو
"جوال سامسونج جالكسي ايه 16 ال تي اي، ثنائي شرائح الاتصال، ذاكرة رام 6 جيجا، تخزين 128 جيجا، اسود (ضمان محلي لمدة عام)",7839.99,https://www.amazon.eg/%D8%B3%D8%A7%D9%85%D8%B3%D9%88%D9%86%D8%AC-%D8%AC%D8%A7%D9%84%D9%83%D8%B3%D9%8A-%D8%AB%D9%86%D8%A7%D8%A6%D9%8A-%D8%B4%D8%B1%D8%A7%D8%A6%D8%AD-%D8%A7%D9%84%D8%A7%D8%AA%D8%B5%D8%A7%D9%84%D8%8C/dp/B0DMFBQL5M/ref=sr_1_3,Amazon,mobiles,samsung,سامسونج,A16,
"موبايل سامسونج جالاكسي A05s، هاتف ذكي يعمل بنظام اندرويد، بشريحتين اتصال، ذاكرة RAM سعة 6 جيحا، - تخزين 128 جيجا، أسود - ضمان لمدة عام/إصدار محلي",5890,https://www.amazon.eg/%D9%85%D9%88%D8%A8%D8%A7%D9%8A%D9%84-%D8%B3%D8%A7%D9%85%D8%B3%D9%88%D9%86%D8%AC-%D8%AC%D8%A7%D9%84%D8%A7%D9%83%D8%B3%D9%8A-%D8%A7%D9%86%D8%AF%D8%B1%D9%88%D9%8A%D8%AF%D8%8C-%D8%A8%D8%B4%D8%B1%D9%8A%D8%AD%D8%AA%D9%8A%D9%86/dp/B0CP45ZGRK/ref=sr_1_6,Amazon,mobiles,samsung,سامسونج,A05S,
"موبايل سامسونج جالاكسي M55 شبكة الجيل الخامس 5G يعمل بنظام أندرويد بشريحتي اتصال وذاكرة رام 8 جيجابايت وسعة تخزينية 128 جيجابايت، لون أسود، ضمان لمدة عام/إصدار محلي",13999,https://www.amazon.eg/%D8%B3%D8%A7%D9%85%D8%B3%D9%88%D9%86%D8%AC-%D8%AC%D8%A7%D9%84%D8%A7%D9%83%D8%B3%D9%8A-%D8%A3%D9%86%D8%AF%D8%B1%D9%88%D9%8A%D8%AF-%D8%AC%D9%8A%D8%AC%D8%A7%D8%A8%D8%A7%D9%8A%D8%AA-%D8%AC%D9%8A%D8%AC%D8%A7%D8%A8%D8%A7%D9%8A%D8%AA%D8%8C/dp/B0DNMMSRT2/ref=sr_1_9,Amazon,mobiles,samsung,سامسونج,M55,
"موبايل سامسونج جالاكسي A16 LTE، موبايل يعمل بنظام أندرويد بشريحتين اتصال وذاكرة رام 6 جيجا، السعة التخزينية 128 جيجا، لون رمادي",8080,https://www.amazon.eg/%D8%B3%D8%A7%D9%85%D8%B3%D9%88%D9%86%D8%AC-%D8%AC%D8%A7%D9%84%D8%A7%D9%83%D8%B3%D9%8A-%D8%A3%D9%86%D8%AF%D8%B1%D9%88%D9%8A%D8%AF-%D8%A8%D8%B4%D8%B1%D9%8A%D8%AD%D8%AA%D9%8A%D9%86-%D8%A7%D9%84%D8%AA%D8%AE%D8%B2%D9%8A%D9%86%D9%8A%D8%A9/dp/B0DMF3ZYBQ/ref=sr_1_11,Amazon,mobiles,samsung,سامسونج,A16,
"موبايل سامسونج جالاكسي ايه 55 الجيل الخامس 5G، ثنائي شرائح الاتصال، ذاكرة رام 8 جيجا، تخزين 128 جيجا، كحلي رائع - ضمان لمدة عام / اصدار محلي",19999,https://www.amazon.eg/%D9%85%D9%88%D8%A8%D8%A7%D9%8A%D9%84-%D8%B3%D8%A7%D9%85%D8%B3%D9%88%D9%86%D8%AC-%D8%AC%D8%A7%D9%84%D8%A7%D9%83%D8%B3%D9%8A-%D8%A7%D9%84%D8%AE%D8%A7%D9%85%D8%B3-%D8%A7%D9%84%D8%A7%D8%AA%D8%B5%D8%A7%D9%84%D8%8C/dp/B0CX95PRMC/ref=sr_1_12,Amazon,mobiles,samsung,سامسونج,A55,
سامسونج جوال جالكسي ايه 16 ال تي اي هاتف ذكي يعمل بنظام اندرويد ثنائي شرائح الاتصال ذاكرة رام 6 جيجا تخزين 128 اخضر فاتح ضمان محلي لمدة عام,7824.99,https://www.amazon.eg/%D8%B3%D8%A7%D9%85%D8%B3%D9%88%D9%86%D8%AC-%D8%AC%D8%A7%D9%84%D9%83%D8%B3%D9%8A-%D8%A8%D9%86%D8%B8%D8%A7%D9%85-%D8%A7%D9%86%D8%AF%D8%B1%D9%88%D9%8A%D8%AF-%D8%A7%D9%84%D8%A7%D8%AA%D8%B5%D8%A7%D9%84/dp/B0DMF6PP81/ref=sr_1_13,Amazon,mobiles,samsung,سامسونج,A16,
سامسونج جوال جالكسي ايه 16 ال تي اي هاتف ذكي يعمل بنظام اندرويد ثنائي شرائح الاتصال ذاكرة رام 4 جيجا تخزين 128 اسود ضمان محلي لمدة عام,7009,https://www.amazon.eg/%D8%B3%D8%A7%D9%85%D8%B3%D9%88%D9%86%D8%AC-%D8%AC%D8%A7%D9%84%D9%83%D8%B3%D9%8A-%D8%A8%D9%86%D8%B8%D8%A7%D9%85-%D8%A7%D9%86%D8%AF%D8%B1%D9%88%D9%8A%D8%AF-%D8%A7%D9%84%D8%A7%D8%AA%D8%B5%D8%A7%D9%84/dp/B0DM1S54MZ/ref=sr_1_15,Amazon,mobiles,samsung,سامسونج,A16,
"موبايل سامسونج جالاكسي S23 اف اي شبكة الجيل الخامس 5G بشريحتي اتصال، يعمل بنظام أندرويد، مع ذاكرة رام 8 جيجابايت و ذاكرة ROM بسعة 256 جيجابايت - لون أخضر مينت",28888,https://www.amazon.eg/%D8%B3%D8%A7%D9%85%D8%B3%D9%88%D9%86%D8%AC-%D8%AC%D8%A7%D9%84%D8%A7%D9%83%D8%B3%D9%8A-%D8%A8%D8%B4%D8%B1%D9%8A%D8%AD%D8%AA%D9%8A-%D8%A3%D9%86%D8%AF%D8%B1%D9%88%D9%8A%D8%AF%D8%8C-%D8%AC%D9%8A%D8%AC%D8%A7%D8%A8%D8%A7%D9%8A%D8%AA/dp/B0CJXPXVGZ/ref=sr_1_16,Amazon,mobiles,samsung,سامسونج,S23,
"موبايل سامسونج جالاكسي A05 LTE بشريحتي اتصال بذاكرة رام 4 جيجا وذاكرة تخزين 128 جيجابايت، فضي، ضمان لمدة عام/إصدار محلي",5999,https://www.amazon.eg/%D9%85%D9%88%D8%A8%D8%A7%D9%8A%D9%84-%D8%B3%D8%A7%D9%85%D8%B3%D9%88%D9%86%D8%AC-%D8%AC%D8%A7%D9%84%D8%A7%D9%83%D8%B3%D9%8A-%D8%A8%D8%B4%D8%B1%D9%8A%D8%AD%D8%AA%D9%8A-%D8%AC%D9%8A%D8%AC%D8%A7%D8%A8%D8%A7%D9%8A%D8%AA%D8%8C/dp/B0CP46RXFK/ref=sr_1_19,Amazon,mobiles,samsung,سامسونج,A05,
"موبايل سامسونج جالاكسي A35 الجيل الخامس 5G، موبايل ذكي يعمل بنظام أندرويد، مزود بشريحتين اتصال، ذاكرة رام 8 جيجابايت، ذاكرة تخزين 256 جيجابايت، لون ايس بلو رائع، إصدار محلي",17450,https://www.amazon.eg/%D8%B3%D8%A7%D9%85%D8%B3%D9%88%D9%86%D8%AC-%D8%AC%D8%A7%D9%84%D8%A7%D9%83%D8%B3%D9%8A-%D8%A3%D9%86%D8%AF%D8%B1%D9%88%D9%8A%D8%AF%D8%8C-%D8%A8%D8%B4%D8%B1%D9%8A%D8%AD%D8%AA%D9%8A%D9%86-%D8%AC%D9%8A%D8%AC%D8%A7%D8%A8%D8%A7%D9%8A%D8%AA%D8%8C/dp/B0CX9651RT/ref=sr_1_20,Amazon,mobiles,samsung,سامسونج,A35,
"موبايل سامسونج جالكسي A36 شبكة الجيل الخامس 5G، ذاكرة الوصول العشوائي 8 جيجابايت، التخزين الداخلي 256 جيجابايت، لون أبيض",17550,https://www.amazon.eg/%D8%B3%D8%A7%D9%85%D8%B3%D9%88%D9%86%D8%AC-%D8%A7%D9%84%D8%B9%D8%B4%D9%88%D8%A7%D8%A6%D9%8A-%D8%AC%D9%8A%D8%AC%D8%A7%D8%A8%D8%A7%D9%8A%D8%AA%D8%8C-%D8%A7%D9%84%D8%AA%D8%AE%D8%B2%D9%8A%D9%86-%D8%A7%D9%84%D8%AF%D8%A7%D8%AE%D9%84%D9%8A/dp/B0F499JKLT/ref=sr_1_21,Amazon,mobiles,samsung,سامسونج,A36,
موبايل سمارت سامسونج جالاكسي A05 LTE بشريحتين اتصال يعمل بنظام أندرويد وذاكرة رام 4 جيجابايت وذاكرة تخزين 128 جيجابايت - ضمان لمدة عام/إصدار محلي,5999,https://www.amazon.eg/%D8%B3%D8%A7%D9%85%D8%B3%D9%88%D9%86%D8%AC-%D8%AC%D8%A7%D9%84%D8%A7%D9%83%D8%B3%D9%8A-%D8%A8%D8%B4%D8%B1%D9%8A%D8%AD%D8%AA%D9%8A%D9%86-%D8%A3%D9%86%D8%AF%D8%B1%D9%88%D9%8A%D8%AF-%D8%AC%D9%8A%D8%AC%D8%A7%D8%A8%D8%A7%D9%8A%D8%AA/dp/B0CP47R6YF/ref=sr_1_22,Amazon,mobiles,samsung,سامسونج,A05,
موبايل سامسونج جالاكسي A34 بشريحتين اتصال وبنظام اندرويد وذاكرة رام 8 جيجابايت وذاكرة تخزين 128 جيجابايت بلون ليموني رائع,13990,https://www.amazon.eg/%D8%B3%D8%A7%D9%85%D8%B3%D9%88%D9%86%D8%AC-%D8%AC%D8%A7%D9%84%D8%A7%D9%83%D8%B3%D9%8A-%D8%A8%D8%B4%D8%B1%D9%8A%D8%AD%D8%AA%D9%8A%D9%86-%D8%A7%D9%86%D8%AF%D8%B1%D9%88%D9%8A%D8%AF-%D8%AC%D9%8A%D8%AC%D8%A7%D8%A8%D8%A7%D9%8A%D8%AA/dp/B0BXNWFS19/ref=sr_1_23,Amazon,mobiles,samsung,سامسونج,A34,
"موبايل سامسونج جالاكسي A55 شبكة الجيل الخامس 5G، اندرويد، ذاكرة رام 8 جيجا، تخزين 128 جيجا، أزرق ثلجي، سامسونج جالاكسي A56 5G، هاتف ذكي اندرويد، ذاكرة تخزين 128 جيجا، ذاكرة رام 8 جيجا، رمادي فاتح",40195,https://www.amazon.eg/%D9%85%D9%88%D8%A8%D8%A7%D9%8A%D9%84-%D8%B3%D8%A7%D9%85%D8%B3%D9%88%D9%86%D8%AC-%D8%AC%D8%A7%D9%84%D8%A7%D9%83%D8%B3%D9%8A-%D8%A7%D9%84%D8%AE%D8%A7%D9%85%D8%B3-%D8%A7%D9%86%D8%AF%D8%B1%D9%88%D9%8A%D8%AF%D8%8C/dp/B0F9YTPQCK/ref=sr_1_29,Amazon,mobiles,samsung,سامسونج,A55,
موبايل سامسونج جالاكسي S23 الترا بذاكرة رام 12 جيجا ذكي يعمل بنظام اندرويد بشريحتين اتصال لون أسود فانتوم,47950,https://www.amazon.eg/%D9%85%D9%88%D8%A8%D8%A7%D9%8A%D9%84-%D8%B3%D8%A7%D9%85%D8%B3%D9%88%D9%86%D8%AC-%D8%AC%D8%A7%D9%84%D8%A7%D9%83%D8%B3%D9%8A-%D8%A7%D9%86%D8%AF%D8%B1%D9%88%D9%8A%D8%AF-%D8%A8%D8%B4%D8%B1%D9%8A%D8%AD%D8%AA%D9%8A%D9%86/dp/B0BSLBMCB2/ref=sr_1_34,Amazon,mobiles,samsung,سامسونج,S23,
موبايل سامسونج جالاكسي Z فولد 5 قابل للطي ذكي يعمل بنظام اندرويد ذاكرة رام 12 جيجابايت - تخزين 512 بلون كريمي نسخة الإمارات العربية شريحتين,69950,https://www.amazon.eg/%D9%85%D9%88%D8%A8%D8%A7%D9%8A%D9%84-%D8%B3%D8%A7%D9%85%D8%B3%D9%88%D9%86%D8%AC-%D8%AC%D8%A7%D9%84%D8%A7%D9%83%D8%B3%D9%8A-%D8%A7%D9%86%D8%AF%D8%B1%D9%88%D9%8A%D8%AF-%D8%AC%D9%8A%D8%AC%D8%A7%D8%A8%D8%A7%D9%8A%D8%AA/dp/B0CC9X8B6K/ref=sr_1_35,Amazon,mobiles,samsung,Apple,5,
موبايل سامسونج جالاكسي A55 الجيل الخامس 5G ذكي بلون ليموني رائع وموبايل سامسونج جالاكسي A56 الجيل الخامس 5G بلون رمادي فاتح رائع يعملان بنظام أندرويد بذاكرة رام 8 جيجابايت وسعة تخزين 128 جيجابايت,40195,https://www.amazon.eg/%D8%B3%D8%A7%D9%85%D8%B3%D9%88%D9%86%D8%AC-%D8%AC%D8%A7%D9%84%D8%A7%D9%83%D8%B3%D9%8A-%D9%88%D9%85%D9%88%D8%A8%D8%A7%D9%8A%D9%84-%D8%A3%D9%86%D8%AF%D8%B1%D9%88%D9%8A%D8%AF-%D8%AC%D9%8A%D8%AC%D8%A7%D8%A8%D8%A7%D9%8A%D8%AA/dp/B0F9YVJC87/ref=sr_1_37,Amazon,mobiles,samsung,سامسونج,A55,
"جوال سامسونج جالكسي ايه 16 ال تي اي، ثنائي شرائح الاتصال، ذاكرة رام 6 جيجا، تخزين 128 جيجا، اسود (ضمان محلي لمدة عام)",7839.99,https://www.amazon.eg/%D8%B3%D8%A7%D9%85%D8%B3%D9%88%D9%86%D8%AC-%D8%AC%D8%A7%D9%84%D9%83%D8%B3%D9%8A-%D8%AB%D9%86%D8%A7%D8%A6%D9%8A-%D8%B4%D8%B1%D8%A7%D8%A6%D8%AD-%D8%A7%D9%84%D8%A7%D8%AA%D8%B5%D8%A7%D9%84%D8%8C/dp/B0DMFBQL5M/ref=sr_1_3,Amazon,mobiles,galaxy,سامسونج,A16,
"موبايل سامسونج جالاكسي A05s، هاتف ذكي يعمل بنظام اندرويد، بشريحتين اتصال، ذاكرة RAM سعة 6 جيحا، - تخزين 128 جيجا، أسود - ضمان لمدة عام/إصدار محلي",5890,https://www.amazon.eg/%D9%85%D9%88%D8%A8%D8%A7%D9%8A%D9%84-%D8%B3%D8%A7%D9%85%D8%B3%D9%88%D9%86%D8%AC-%D8%AC%D8%A7%D9%84%D8%A7%D9%83%D8%B3%D9%8A-%D8%A7%D9%86%D8%AF%D8%B1%D9%88%D9%8A%D8%AF%D8%8C-%D8%A8%D8%B4%D8%B1%D9%8A%D8%AD%D8%AA%D9%8A%D9%86/dp/B0CP45ZGRK/ref=sr_1_5,Amazon,mobiles,galaxy,سامسونج,A05S,
سامسونج جوال جالكسي ايه 16 ال تي اي هاتف ذكي يعمل بنظام اندرويد ثنائي شرائح الاتصال ذاكرة رام 4 جيجا تخزين 128 اسود ضمان محلي لمدة عام,7009,https://www.amazon.eg/%D8%B3%D8%A7%D9%85%D8%B3%D9%88%D9%86%D8%AC-%D8%AC%D8%A7%D9%84%D9%83%D8%B3%D9%8A-%D8%A8%D9%86%D8%B8%D8%A7%D9%85-%D8%A7%D9%86%D8%AF%D8%B1%D9%88%D9%8A%D8%AF-%D8%A7%D9%84%D8%A7%D8%AA%D8%B5%D8%A7%D9%84/dp/B0DM1S54MZ/ref=sr_1_7,Amazon,mobiles,galaxy,سامسونج,A16,
"موبايل سامسونج جالاكسي M55 شبكة الجيل الخامس 5G يعمل بنظام أندرويد بشريحتي اتصال وذاكرة رام 8 جيجابايت وسعة تخزينية 256 جيجابايت، لون أسود، ضمان لمدة عام/إصدار محلي",15899,https://www.amazon.eg/%D8%B3%D8%A7%D9%85%D8%B3%D9%88%D9%86%D8%AC-%D8%AC%D8%A7%D9%84%D8%A7%D9%83%D8%B3%D9%8A-%D8%A3%D9%86%D8%AF%D8%B1%D9%88%D9%8A%D8%AF-%D8%AC%D9%8A%D8%AC%D8%A7%D8%A8%D8%A7%D9%8A%D8%AA-%D8%AC%D9%8A%D8%AC%D8%A7%D8%A8%D8%A7%D9%8A%D8%AA%D8%8C/dp/B0DNMLZBW9/ref=sr_1_8,Amazon,mobiles,galaxy,سامسونج,M55,
سامسونج جوال جالكسي ايه 16 ال تي اي هاتف ذكي يعمل بنظام اندرويد ثنائي شرائح الاتصال ذاكرة رام 6 جيجا تخزين 128 اخضر فاتح ضمان محلي لمدة عام,7824.99,https://www.amazon.eg/%D8%B3%D8%A7%D9%85%D8%B3%D9%88%D9%86%D8%AC-%D8%AC%D8%A7%D9%84%D9%83%D8%B3%D9%8A-%D8%A8%D9%86%D8%B8%D8%A7%D9%85-%D8%A7%D9%86%D8%AF%D8%B1%D9%88%D9%8A%D8%AF-%D8%A7%D9%84%D8%A7%D8%AA%D8%B5%D8%A7%D9%84/dp/B0DMF6PP81/ref=sr_1_11,Amazon,mobiles,galaxy,سامسونج,A16,
"موبايل سامسونج جالاكسي A16 LTE، موبايل يعمل بنظام أندرويد بشريحتين اتصال وذاكرة رام 6 جيجا، السعة التخزينية 128 جيجا، لون رمادي",8080,https://www.amazon.eg/%D8%B3%D8%A7%D9%85%D8%B3%D9%88%D9%86%D8%AC-%D8%AC%D8%A7%D9%84%D8%A7%D9%83%D8%B3%D9%8A-%D8%A3%D9%86%D8%AF%D8%B1%D9%88%D9%8A%D8%AF-%D8%A8%D8%B4%D8%B1%D9%8A%D8%AD%D8%AA%D9%8A%D9%86-%D8%A7%D9%84%D8%AA%D8%AE%D8%B2%D9%8A%D9%86%D9%8A%D8%A9/dp/B0DMF3ZYBQ/ref=sr_1_13,Amazon,mobiles,galaxy,سامسونج,A16,
"جوال سامسونج جالكسي ايه 35 الجيل الخامس 5G، ثنائي شرائح الاتصال، ذاكرة RAM 8GB، تخزين 256GB، لون كحلي رائع، كفالة لمدة عام اصدار محلي",17550,https://www.amazon.eg/%D8%B3%D8%A7%D9%85%D8%B3%D9%88%D9%86%D8%AC-%D8%AC%D8%A7%D9%84%D9%83%D8%B3%D9%8A-%D8%A7%D9%84%D8%AE%D8%A7%D9%85%D8%B3-%D8%A7%D9%84%D8%A7%D8%AA%D8%B5%D8%A7%D9%84%D8%8C-256GB%D8%8C/dp/B0CX979RHS/ref=sr_1_15,Amazon,mobiles,galaxy,سامسونج,A35,
"موبايل سامسونج جالاكسي A05 LTE بشريحتي اتصال بذاكرة رام 4 جيجا وذاكرة تخزين 128 جيجابايت، فضي، ضمان لمدة عام/إصدار محلي",5999,https://www.amazon.eg/%D9%85%D9%88%D8%A8%D8%A7%D9%8A%D9%84-%D8%B3%D8%A7%D9%85%D8%B3%D9%88%D9%86%D8%AC-%D8%AC%D8%A7%D9%84%D8%A7%D9%83%D8%B3%D9%8A-%D8%A8%D8%B4%D8%B1%D9%8A%D8%AD%D8%AA%D9%8A-%D8%AC%D9%8A%D8%AC%D8%A7%D8%A8%D8%A7%D9%8A%D8%AA%D8%8C/dp/B0CP46RXFK/ref=sr_1_17,Amazon,mobiles,galaxy,سامسونج,A05,
موبايل سمارت سامسونج جالاكسي A05 LTE بشريحتين اتصال يعمل بنظام أندرويد وذاكرة رام 4 جيجابايت وذاكرة تخزين 128 جيجابايت - ضمان لمدة عام/إصدار محلي,5999,https://www.amazon.eg/%D8%B3%D8%A7%D9%85%D8%B3%D9%88%D9%86%D8%AC-%D8%AC%D8%A7%D9%84%D8%A7%D9%83%D8%B3%D9%8A-%D8%A8%D8%B4%D8%B1%D9%8A%D8%AD%D8%AA%D9%8A%D9%86-%D8%A3%D9%86%D8%AF%D8%B1%D9%88%D9%8A%D8%AF-%D8%AC%D9%8A%D8%AC%D8%A7%D8%A8%D8%A7%D9%8A%D8%AA/dp/B0CP47R6YF/ref=sr_1_20,Amazon,mobiles,galaxy,سامسونج,A05,
"موبايل سامسونج جالكسي S23 FE 5G ثنائي الشريحة يعمل بنظام أندرويد، ذاكرة وصول عشوائي 8 جيجابايت، ذاكرة قراءة فقط 256 جيجابايت - رمادي - ضمان لمدة عام/إصدار محلي",30999,https://www.amazon.eg/%D8%B3%D8%A7%D9%85%D8%B3%D9%88%D9%86%D8%AC-%D8%A7%D9%84%D8%B4%D8%B1%D9%8A%D8%AD%D8%A9-%D8%A3%D9%86%D8%AF%D8%B1%D9%88%D9%8A%D8%AF%D8%8C-%D8%AC%D9%8A%D8%AC%D8%A7%D8%A8%D8%A7%D9%8A%D8%AA%D8%8C-%D8%AC%D9%8A%D8%AC%D8%A7%D8%A8%D8%A7%D9%8A%D8%AA/dp/B0CJXPW2GD/ref=sr_1_21,Amazon,mobiles,galaxy,سامسونج,S23,
"موبايل سامسونج جالكسي A36 شبكة الجيل الخامس 5G، ذاكرة الوصول العشوائي 8 جيجابايت، التخزين الداخلي 256 جيجابايت، لون أبيض",17550,https://www.amazon.eg/%D8%B3%D8%A7%D9%85%D8%B3%D9%88%D9%86%D8%AC-%D8%A7%D9%84%D8%B9%D8%B4%D9%88%D8%A7%D8%A6%D9%8A-%D8%AC%D9%8A%D8%AC%D8%A7%D8%A8%D8%A7%D9%8A%D8%AA%D8%8C-%D8%A7%D9%84%D8%AA%D8%AE%D8%B2%D9%8A%D9%86-%D8%A7%D9%84%D8%AF%D8%A7%D8%AE%D9%84%D9%8A/dp/B0F499JKLT/ref=sr_1_23,Amazon,mobiles,galaxy,سامسونج,A36,
موبايل سامسونج جالاكسي S23 الترا بذاكرة رام 12 جيجا ذكي يعمل بنظام اندرويد بشريحتين اتصال لون أسود فانتوم,47950,https://www.amazon.eg/%D9%85%D9%88%D8%A8%D8%A7%D9%8A%D9%84-%D8%B3%D8%A7%D9%85%D8%B3%D9%88%D9%86%D8%AC-%D8%AC%D8%A7%D9%84%D8%A7%D9%83%D8%B3%D9%8A-%D8%A7%D9%86%D8%AF%D8%B1%D9%88%D9%8A%D8%AF-%D8%A8%D8%B4%D8%B1%D9%8A%D8%AD%D8%AA%D9%8A%D9%86/dp/B0BSLBMCB2/ref=sr_1_26,Amazon,mobiles,galaxy,سامسونج,S23,
موبايل سامسونج جالاكسي S23 الترا بذاكرة رام 12 جيجا ذكي يعمل بنظام اندرويد بشريحتين اتصال لون أسود فانتوم,47950,https://www.amazon.eg/%D9%85%D9%88%D8%A8%D8%A7%D9%8A%D9%84-%D8%B3%D8%A7%D9%85%D8%B3%D9%88%D9%86%D8%AC-%D8%AC%D8%A7%D9%84%D8%A7%D9%83%D8%B3%D9%8A-%D8%A7%D9%86%D8%AF%D8%B1%D9%88%D9%8A%D8%AF-%D8%A8%D8%B4%D8%B1%D9%8A%D8%AD%D8%AA%D9%8A%D9%86/dp/B0BSLBMCB2/ref=sr_1_27,Amazon,mobiles,galaxy,سامسونج,S23,
موبايل سامسونج جالاكسي Z فولد 5 قابل للطي ذكي يعمل بنظام اندرويد ذاكرة رام 12 جيجابايت - تخزين 512 بلون كريمي نسخة الإمارات العربية شريحتين,69950,https://www.amazon.eg/%D9%85%D9%88%D8%A8%D8%A7%D9%8A%D9%84-%D8%B3%D8%A7%D9%85%D8%B3%D9%88%D9%86%D8%AC-%D8%AC%D8%A7%D9%84%D8%A7%D9%83%D8%B3%D9%8A-%D8%A7%D9%86%D8%AF%D8%B1%D9%88%D9%8A%D8%AF-%D8%AC%D9%8A%D8%AC%D8%A7%D8%A8%D8%A7%D9%8A%D8%AA/dp/B0CC9X8B6K/ref=sr_1_28,Amazon,mobiles,galaxy,Apple,5,
موبايل سامسونج جالاكسي A34 بشريحتين اتصال وبنظام اندرويد وذاكرة رام 8 جيجابايت وذاكرة تخزين 128 جيجابايت بلون ليموني رائع,13990,https://www.amazon.eg/%D8%B3%D8%A7%D9%85%D8%B3%D9%88%D9%86%D8%AC-%D8%AC%D8%A7%D9%84%D8%A7%D9%83%D8%B3%D9%8A-%D8%A8%D8%B4%D8%B1%D9%8A%D8%AD%D8%AA%D9%8A%D9%86-%D8%A7%D9%86%D8%AF%D8%B1%D9%88%D9%8A%D8%AF-%D8%AC%D9%8A%D8%AC%D8%A7%D8%A8%D8%A7%D9%8A%D8%AA/dp/B0BXNWFS19/ref=sr_1_31,Amazon,mobiles,galaxy,سامسونج,A34,
"موبايل سامسونج جالاكسي A55 شبكة الجيل الخامس 5G، اندرويد، ذاكرة رام 8 جيجا، تخزين 128 جيجا، أزرق ثلجي، سامسونج جالاكسي A56 5G، هاتف ذكي اندرويد، ذاكرة تخزين 128 جيجا، ذاكرة رام 8 جيجا، رمادي فاتح",40195,https://www.amazon.eg/%D9%85%D9%88%D8%A8%D8%A7%D9%8A%D9%84-%D8%B3%D8%A7%D9%85%D8%B3%D9%88%D9%86%D8%AC-%D8%AC%D8%A7%D9%84%D8%A7%D9%83%D8%B3%D9%8A-%D8%A7%D9%84%D8%AE%D8%A7%D9%85%D8%B3-%D8%A7%D9%86%D8%AF%D8%B1%D9%88%D9%8A%D8%AF%D8%8C/dp/B0F9YTPQCK/ref=sr_1_33,Amazon,mobiles,galaxy,سامسونج,A55,
موبايل سامسونج جالاكسي A55 الجيل الخامس 5G ذكي بلون ليموني رائع وموبايل سامسونج جالاكسي A56 الجيل الخامس 5G بلون رمادي فاتح رائع يعملان بنظام أندرويد بذاكرة رام 8 جيجابايت وسعة تخزين 128 جيجابايت,40195,https://www.amazon.eg/%D8%B3%D8%A7%D9%85%D8%B3%D9%88%D9%86%D8%AC-%D8%AC%D8%A7%D9%84%D8%A7%D9%83%D8%B3%D9%8A-%D9%88%D9%85%D9%88%D8%A8%D8%A7%D9%8A%D9%84-%D8%A3%D9%86%D8%AF%D8%B1%D9%88%D9%8A%D8%AF-%D8%AC%D9%8A%D8%AC%D8%A7%D8%A8%D8%A7%D9%8A%D8%AA/dp/B0F9YVJC87/ref=sr_1_35,Amazon,mobiles,galaxy,سامسونج,A55,
هاتف بورا 70 256 جيجا/12 جيجا رام ثنائي شرائح الاتصال - أسود,58850,https://www.amazon.eg/%D9%87%D8%A7%D8%AA%D9%81-%D8%A8%D9%88%D8%B1%D8%A7-%D8%AB%D9%86%D8%A7%D8%A6%D9%8A-%D8%B4%D8%B1%D8%A7%D8%A6%D8%AD-%D8%A7%D9%84%D8%A7%D8%AA%D8%B5%D8%A7%D9%84/dp/B081X7L2WG/ref=sr_1_4,Amazon,mobiles,huawei,Unknown,70,
هواوي جي تي 3 برو 43 ملم اليجانت,14999,https://www.amazon.eg/%D9%87%D9%88%D8%A7%D9%88%D9%8A-%D8%AC%D9%8A-%D8%A8%D8%B1%D9%88-%D9%85%D9%84%D9%85-%D8%A7%D9%84%D9%8A%D8%AC%D8%A7%D9%86%D8%AA/dp/B0B18P6NQY/ref=sr_1_5,Amazon,mobiles,huawei,هواوي,3,برو
"موبايل بورا 70 الترا شبكة الجيل الرابع من هواوي، 512 جيجا/16 جيجا ثنائي شرائح الاتصال، أخضر",74500,https://www.amazon.eg/%D9%85%D9%88%D8%A8%D8%A7%D9%8A%D9%84-%D8%A7%D9%84%D8%AA%D8%B1%D8%A7-%D8%A7%D9%84%D8%B1%D8%A7%D8%A8%D8%B9-%D9%87%D9%88%D8%A7%D9%88%D9%8A%D8%8C-%D8%A7%D9%84%D8%A7%D8%AA%D8%B5%D8%A7%D9%84%D8%8C/dp/B0D37N3NV6/ref=sr_1_7,Amazon,mobiles,huawei,هواوي,70,
"موبايل X9c ذاكرة رام 12 جيجابايت 256 جيجابايت مع شريحتين اتصال تيتانيوم وشبكة الجيل الخامس 5G من هونر، لون أرجواني",16999,https://www.amazon.eg/%D9%85%D9%88%D8%A8%D8%A7%D9%8A%D9%84-%D8%AC%D9%8A%D8%AC%D8%A7%D8%A8%D8%A7%D9%8A%D8%AA-%D8%B4%D8%B1%D9%8A%D8%AD%D8%AA%D9%8A%D9%86-%D8%AA%D9%8A%D8%AA%D8%A7%D9%86%D9%8A%D9%88%D9%85-%D8%A3%D8%B1%D8%AC%D9%88%D8%A7%D9%86%D9%8A/dp/B0DMSGL44P/ref=sr_1_8,Amazon,mobiles,huawei,Unknown,X9C,
"موبايل سامسونج جالاكسي M55 شبكة الجيل الخامس 5G يعمل بنظام أندرويد بشريحتي اتصال وذاكرة رام 8 جيجابايت وسعة تخزينية 256 جيجابايت، لون أسود، ضمان لمدة عام/إصدار محلي",15899,https://www.amazon.eg/%D8%B3%D8%A7%D9%85%D8%B3%D9%88%D9%86%D8%AC-%D8%AC%D8%A7%D9%84%D8%A7%D9%83%D8%B3%D9%8A-%D8%A3%D9%86%D8%AF%D8%B1%D9%88%D9%8A%D8%AF-%D8%AC%D9%8A%D8%AC%D8%A7%D8%A8%D8%A7%D9%8A%D8%AA-%D8%AC%D9%8A%D8%AC%D8%A7%D8%A8%D8%A7%D9%8A%D8%AA%D8%8C/dp/B0DNMLZBW9/ref=sr_1_10,Amazon,mobiles,huawei,سامسونج,M55,
"موبايل ذكي اورا TA-1631 DS 4 جيجابايت/128 جيجابايت NENA2 شريحتين اتصال، مقاس 6.56 بوصة، أخضر من اتش ام دي، نينا 2",4910.4,https://www.amazon.eg/TA-1631-%D8%AC%D9%8A%D8%AC%D8%A7%D8%A8%D8%A7%D9%8A%D8%AA-%D8%B4%D8%B1%D9%8A%D8%AD%D8%AA%D9%8A%D9%86-%D8%A7%D8%AA%D8%B4-%D8%A7%D9%85/dp/B0D7ZSL3GG/ref=sr_1_11,Amazon,mobiles,huawei,Unknown,1631,
"موبايل سامسونج جالاكسي ايه 55 الجيل الخامس 5G، ثنائي شرائح الاتصال، ذاكرة رام 8 جيجا، تخزين 128 جيجا، كحلي رائع - ضمان لمدة عام / اصدار محلي",19999,https://www.amazon.eg/%D9%85%D9%88%D8%A8%D8%A7%D9%8A%D9%84-%D8%B3%D8%A7%D9%85%D8%B3%D9%88%D9%86%D8%AC-%D8%AC%D8%A7%D9%84%D8%A7%D9%83%D8%B3%D9%8A-%D8%A7%D9%84%D8%AE%D8%A7%D9%85%D8%B3-%D8%A7%D9%84%D8%A7%D8%AA%D8%B5%D8%A7%D9%84%D8%8C/dp/B0CX95PRMC/ref=sr_1_12,Amazon,mobiles,huawei,سامسونج,A55,
"شاومي 14T برو 12GB RAM 512GB ROM، اسود تيتان",38950,https://www.amazon.eg/%D8%B4%D8%A7%D9%88%D9%85%D9%8A-14T-12GB-512GB-%D8%AA%D9%8A%D8%AA%D8%A7%D9%86/dp/B0DGLS97Y7/ref=sr_1_13,Amazon,mobiles,xiaomi,شاومي,14T,برو
موبايل ريدمي A5 بذاكرة رام 4 جيجابايت وذاكرة داخلية 128 جيجابايت من شاومي - أزرق,4950,https://www.amazon.eg/%D9%85%D9%88%D8%A8%D8%A7%D9%8A%D9%84-%D8%A8%D8%B0%D8%A7%D9%83%D8%B1%D8%A9-%D8%AC%D9%8A%D8%AC%D8%A7%D8%A8%D8%A7%D9%8A%D8%AA-%D9%88%D8%B0%D8%A7%D9%83%D8%B1%D8%A9-%D8%B4%D8%A7%D9%88%D9%85%D9%8A/dp/B0F48736PW/ref=sr_1_14,Amazon,mobiles,xiaomi,شاومي,A5,
موبايل شاومي بوكو C65 8-256 - لون أزرق,7880,https://www.amazon.eg/%D9%85%D9%88%D8%A8%D8%A7%D9%8A%D9%84-%D8%B4%D8%A7%D9%88%D9%85%D9%8A-%D8%A8%D9%88%D9%83%D9%88-C65-8-256/dp/B0CMRWYF9P/ref=sr_1_18,Amazon,mobiles,xiaomi,شاومي,C65,
"موبايل بوكو X6 برو شبكة الجيل الخامس 5G، ثنائي شرائح الاتصال، رمادي، ذاكرة رام 12 جيجابايت وذاكرة 512 جيجابايت - إصدار عالمي",19950,https://www.amazon.eg/%D9%85%D9%88%D8%A8%D8%A7%D9%8A%D9%84-%D8%A7%D9%84%D8%AE%D8%A7%D9%85%D8%B3-%D8%A7%D9%84%D8%A7%D8%AA%D8%B5%D8%A7%D9%84%D8%8C-%D8%B1%D9%85%D8%A7%D8%AF%D9%8A%D8%8C-%D8%AC%D9%8A%D8%AC%D8%A7%D8%A8%D8%A7%D9%8A%D8%AA/dp/B0CPXZHT66/ref=sr_1_23,Amazon,mobiles,xiaomi,بوكو,X6,برو
ريدمي نوت 13 برو + شبكة الجيل الخامس 5G اسود فيوجن ذاكرة رام 12 جيجابايت تخزين 512 بشريحتين,21550,https://www.amazon.eg/%D8%B1%D9%8A%D8%AF%D9%85%D9%8A-%D8%A7%D9%84%D8%AC%D9%8A%D9%84-%D8%A7%D9%84%D8%AE%D8%A7%D9%85%D8%B3-%D8%AC%D9%8A%D8%AC%D8%A7%D8%A8%D8%A7%D9%8A%D8%AA-%D8%A8%D8%B4%D8%B1%D9%8A%D8%AD%D8%AA%D9%8A%D9%86/dp/B0CRQ8R766/ref=sr_1_24,Amazon,mobiles,xiaomi,ريدمي,13,نوت
"موبايل ريدمي نوت 13 برو + شبكة الجيل الخامس 5G (أرجواني فيوجن، ذاكرة رام 12 جيجابايت، ذاكرة روم 512 جيجابايت)",21500,https://www.amazon.eg/%D9%85%D9%88%D8%A8%D8%A7%D9%8A%D9%84-%D8%B1%D9%8A%D8%AF%D9%85%D9%8A-%D8%A3%D8%B1%D8%AC%D9%88%D8%A7%D9%86%D9%8A-%D8%AC%D9%8A%D8%AC%D8%A7%D8%A8%D8%A7%D9%8A%D8%AA%D8%8C-%D8%AC%D9%8A%D8%AC%D8%A7%D8%A8%D8%A7%D9%8A%D8%AA/dp/B0CRQ8874B/ref=sr_1_28,Amazon,mobiles,xiaomi,ريدمي,13,نوت
موبايل سمارت من ايكو A6 2022 1+32 جيجا شبكة الجيل الثالث 3G- مقاس 5.5 بوصة- رمادي,1645.78,https://www.amazon.eg/%D9%85%D9%88%D8%A8%D8%A7%D9%8A%D9%84-%D8%B3%D9%85%D8%A7%D8%B1%D8%AA-A6-%D8%A7%D9%84%D8%AC%D9%8A%D9%84-%D8%A7%D9%84%D8%AB%D8%A7%D9%84%D8%AB/dp/B0BFP596D3/ref=sr_1_41,Amazon,mobiles,xiaomi,Unknown,A6,
"موبايل اوبو A3X شبكة الجيل الرابع 4G (لون أزرق لؤلؤي، ذاكرة رام 4 جيجابايت، ذاكرة روم 64 جيجابايت)",5490,https://www.amazon.eg/%D9%85%D9%88%D8%A8%D8%A7%D9%8A%D9%84-%D8%A7%D9%88%D8%A8%D9%88-%D8%A7%D9%84%D8%B1%D8%A7%D8%A8%D8%B9-%D8%AC%D9%8A%D8%AC%D8%A7%D8%A8%D8%A7%D9%8A%D8%AA%D8%8C-%D8%AC%D9%8A%D8%AC%D8%A7%D8%A8%D8%A7%D9%8A%D8%AA/dp/B0DHSC7QRB/ref=sr_1_1,Amazon,mobiles,oppo,اوبو,A3X,
"موبايل اوبو رينو 13F شبكة الجيل الرابع 4G شريحتين اتصال بذاكرة رام 8 جيجابايت وسعة تخزين 256 جيجابايت، لون أزرق",13999,https://www.amazon.eg/%D9%85%D9%88%D8%A8%D8%A7%D9%8A%D9%84-%D8%A7%D9%88%D8%A8%D9%88-%D8%B4%D8%B1%D9%8A%D8%AD%D8%AA%D9%8A%D9%86-%D8%AC%D9%8A%D8%AC%D8%A7%D8%A8%D8%A7%D9%8A%D8%AA-%D8%AC%D9%8A%D8%AC%D8%A7%D8%A8%D8%A7%D9%8A%D8%AA%D8%8C/dp/B0DWXWSPYC/ref=sr_1_2,Amazon,mobiles,oppo,اوبو,13F,
"أوبو A3x، ذاكرة رام 4 جيجابايت، تخزين 128 جيجابايت - نيبولا ريد",6375,https://www.amazon.eg/%D8%A3%D9%88%D8%A8%D9%88-%D8%B0%D8%A7%D9%83%D8%B1%D8%A9-%D8%AC%D9%8A%D8%AC%D8%A7%D8%A8%D8%A7%D9%8A%D8%AA%D8%8C-%D8%AA%D8%AE%D8%B2%D9%8A%D9%86-%D8%AC%D9%8A%D8%AC%D8%A7%D8%A8%D8%A7%D9%8A%D8%AA/dp/B0DDC17KHG/ref=sr_1_3,Amazon,mobiles,oppo,اوبو,A3X,
"موبايل رينو 13F شبكة الجيل الخامس 5G من اوبو، بشريحتين اتصال بسعة 256 جيجابايت وذاكرة رام 12 جيجابايت - رمادي جرافيت",17666,https://www.amazon.eg/%D9%85%D9%88%D8%A8%D8%A7%D9%8A%D9%84-%D8%A7%D9%84%D8%AE%D8%A7%D9%85%D8%B3-%D8%A8%D8%B4%D8%B1%D9%8A%D8%AD%D8%AA%D9%8A%D9%86-%D8%AC%D9%8A%D8%AC%D8%A7%D8%A8%D8%A7%D9%8A%D8%AA-%D9%88%D8%B0%D8%A7%D9%83%D8%B1%D8%A9/dp/B0DWXXWK3V/ref=sr_1_4,Amazon,mobiles,oppo,اوبو,13F,
موبايل أوبو A3X بسعة تخزين 64 جيجابايت وذاكرة رام 4 جيجابايت - أحمر نيبولا,5360,https://www.amazon.eg/%D9%85%D9%88%D8%A8%D8%A7%D9%8A%D9%84-%D8%A3%D9%88%D8%A8%D9%88-%D8%AA%D8%AE%D8%B2%D9%8A%D9%86-%D8%AC%D9%8A%D8%AC%D8%A7%D8%A8%D8%A7%D9%8A%D8%AA-%D9%88%D8%B0%D8%A7%D9%83%D8%B1%D8%A9/dp/B0DYF4VYMC/ref=sr_1_6,Amazon,mobiles,oppo,اوبو,A3X,
أوبو A5 Pro شبكة الجيل الرابع 4G بسعة 256 جيجابايت ورام 8 جيجابايت أخضر زيتوني,11444,https://www.amazon.eg/A5-Pro-%D8%A7%D9%84%D8%B1%D8%A7%D8%A8%D8%B9-256-%D8%AC%D9%8A%D8%AC%D8%A7%D8%A8%D8%A7%D9%8A%D8%AA/dp/B0F4PHFMFF/ref=sr_1_7,Amazon,mobiles,oppo,اوبو,A5,Pro
"ريلمي 14T 5G، ذاكرة رام 8 جيجا، 256جيجا، ارجواني فاتح",13500,https://www.amazon.eg/%D8%B1%D9%8A%D9%84%D9%85%D9%8A-%D8%B0%D8%A7%D9%83%D8%B1%D8%A9-%D8%AC%D9%8A%D8%AC%D8%A7%D8%8C-256%D8%AC%D9%8A%D8%AC%D8%A7%D8%8C-%D8%A7%D8%B1%D8%AC%D9%88%D8%A7%D9%86%D9%8A/dp/B0F99WTGSZ/ref=sr_1_10,Amazon,mobiles,oppo,ريلمي,14T,
موبايل اوبو رينو 11 ذاكرة 12 جيجابايت و256 شبكة الجيل الخامس 5G لون روك جراي - إصدار الإمارات العربية المتحدة رمادي بشريحتين,18750,https://www.amazon.eg/%D9%85%D9%88%D8%A8%D8%A7%D9%8A%D9%84-%D8%A7%D9%88%D8%A8%D9%88-11-%D8%AC%D9%8A%D8%AC%D8%A7%D8%A8%D8%A7%D9%8A%D8%AA-%D8%A7%D9%84%D8%AE%D8%A7%D9%85%D8%B3/dp/B0CRHPG672/ref=sr_1_15,Amazon,mobiles,oppo,اوبو,11,
"ريلمي 14 5G، 12 جيجابايت رام، 256 جيجابايت، ستورم تيتانيوم",18200,https://www.amazon.eg/%D8%B1%D9%8A%D9%84%D9%85%D9%8A-%D8%AC%D9%8A%D8%AC%D8%A7%D8%A8%D8%A7%D9%8A%D8%AA-%D8%AC%D9%8A%D8%AC%D8%A7%D8%A8%D8%A7%D9%8A%D8%AA%D8%8C-%D8%B3%D8%AA%D9%88%D8%B1%D9%85-%D8%AA%D9%8A%D8%AA%D8%A7%D9%86%D9%8A%D9%88%D9%85/dp/B0F99RCKNB/ref=sr_1_20,Amazon,mobiles,oppo,ريلمي,14,
"موبايل ريلمي شبكة الجيل الرابع C61 4G، ذاكرة رام 6 جيجابايت، سعة تخزينية 128 جيجابايت- أخضر غامق",6115.78,https://www.amazon.eg/%D8%B1%D9%8A%D9%84%D9%85%D9%8A-C61-%D8%AC%D9%8A%D8%AC%D8%A7%D8%A8%D8%A7%D9%8A%D8%AA%D8%8C-%D8%AA%D8%AE%D8%B2%D9%8A%D9%86%D9%8A%D8%A9-%D8%AC%D9%8A%D8%AC%D8%A7%D8%A8%D8%A7%D9%8A%D8%AA/dp/B0D856WYB7/ref=sr_1_22,Amazon,mobiles,oppo,ريلمي,C61,
"ريلمي 14T 5G، ذاكرة رام 8 جيجابايت، 256 جيجابايت، اسود اوبسيديان",14250,https://www.amazon.eg/%D8%B1%D9%8A%D9%84%D9%85%D9%8A-%D8%B0%D8%A7%D9%83%D8%B1%D8%A9-%D8%AC%D9%8A%D8%AC%D8%A7%D8%A8%D8%A7%D9%8A%D8%AA%D8%8C-%D8%A7%D8%B3%D9%88%D8%AF-%D8%A7%D9%88%D8%A8%D8%B3%D9%8A%D8%AF%D9%8A%D8%A7%D9%86/dp/B0F99X6VHQ/ref=sr_1_25,Amazon,mobiles,oppo,ريلمي,14T,
"موبايل ذكي اورا TA-1631 DS 4 جيجابايت/128 جيجابايت NENA2 شريحتين اتصال، مقاس 6.56 بوصة، أخضر من اتش ام دي، نينا 2",4910.4,https://www.amazon.eg/TA-1631-%D8%AC%D9%8A%D8%AC%D8%A7%D8%A8%D8%A7%D9%8A%D8%AA-%D8%B4%D8%B1%D9%8A%D8%AD%D8%AA%D9%8A%D9%86-%D8%A7%D8%AA%D8%B4-%D8%A7%D9%85/dp/B0D7ZSL3GG/ref=sr_1_28,Amazon,mobiles,oppo,Unknown,1631,
"موبايل سامسونج جالاكسي M55 شبكة الجيل الخامس 5G يعمل بنظام أندرويد بشريحتي اتصال وذاكرة رام 8 جيجابايت وسعة تخزينية 256 جيجابايت، لون أخضر فاتح، ضمان لمدة عام/إصدار محلي",15899,https://www.amazon.eg/%D8%B3%D8%A7%D9%85%D8%B3%D9%88%D9%86%D8%AC-%D8%AC%D8%A7%D9%84%D8%A7%D9%83%D8%B3%D9%8A-%D8%A3%D9%86%D8%AF%D8%B1%D9%88%D9%8A%D8%AF-%D8%AC%D9%8A%D8%AC%D8%A7%D8%A8%D8%A7%D9%8A%D8%AA-%D8%AC%D9%8A%D8%AC%D8%A7%D8%A8%D8%A7%D9%8A%D8%AA%D8%8C/dp/B0DNMM1RYQ/ref=sr_1_29,Amazon,mobiles,oppo,سامسونج,M55,
جوال ريلمي C67 ثنائي شرائح الاتصال بذاكرة روم 256GB - RAM 8GB (جي اس ام فقط | بدون سي دي ايه) هاتف ذكي 4G LTE مفتوح من المصنع (صني اويسيس) اصدار عالمي,9590,https://www.amazon.eg/%D8%B1%D9%8A%D9%84%D9%85%D9%8A-%D8%AB%D9%86%D8%A7%D8%A6%D9%8A-%D8%B4%D8%B1%D8%A7%D8%A6%D8%AD-%D8%A7%D9%84%D8%A7%D8%AA%D8%B5%D8%A7%D9%84-%D8%A8%D8%B0%D8%A7%D9%83%D8%B1%D8%A9/dp/B0CQRCWH7P/ref=sr_1_30,Amazon,mobiles,oppo,ريلمي,C67,
موبايل ريلمي نوت 50 بشريحتين اتصال وذاكرة ROM سعة 128 جيجا رام 4 بتقنية GSM فقط بدون سي دي ام ايه وشبكة الجيل الرابع 4G LTE مفتوحة من المصنع إصدار عالمي لون أسود ميدنايت,5550,https://www.amazon.eg/%D9%85%D9%88%D8%A8%D8%A7%D9%8A%D9%84-%D8%B1%D9%8A%D9%84%D9%85%D9%8A-%D8%A8%D8%B4%D8%B1%D9%8A%D8%AD%D8%AA%D9%8A%D9%86-%D9%88%D8%B0%D8%A7%D9%83%D8%B1%D8%A9-%D9%85%D9%8A%D8%AF%D9%86%D8%A7%D9%8A%D8%AA/dp/B0CV4KL9HC/ref=sr_1_31,Amazon,mobiles,oppo,ريلمي,50,
موبايل ريلمي C53 ثنائي شرائح الاتصال بذاكرة ROM 128 جيجابايت رام 6 GB شبكة الجيل الرابع 4G ذهبي شامبيون نسخة الشرق الأوسط,7075,https://www.amazon.eg/%D9%85%D9%88%D8%A8%D8%A7%D9%8A%D9%84-%D8%B1%D9%8A%D9%84%D9%85%D9%8A-%D8%A7%D9%84%D8%A7%D8%AA%D8%B5%D8%A7%D9%84-%D8%AC%D9%8A%D8%AC%D8%A7%D8%A8%D8%A7%D9%8A%D8%AA-%D8%B4%D8%A7%D9%85%D8%A8%D9%8A%D9%88%D9%86/dp/B0C5XJ2HRM/ref=sr_1_32,Amazon,mobiles,oppo,ريلمي,C53,
موبايل ريلمي نوت 50 ذاكرة رام 4 جيجابايت السعة التخزينية 128 أسود غامق بشريحتين,5665.78,https://www.amazon.eg/%D8%B1%D9%8A%D9%84%D9%85%D9%8A-50-%D8%AC%D9%8A%D8%AC%D8%A7%D8%A8%D8%A7%D9%8A%D8%AA-%D8%A7%D9%84%D8%AA%D8%AE%D8%B2%D9%8A%D9%86%D9%8A%D8%A9-%D8%A8%D8%B4%D8%B1%D9%8A%D8%AD%D8%AA%D9%8A%D9%86/dp/B0D1VMW5JD/ref=sr_1_33,Amazon,mobiles,oppo,ريلمي,50,
"موبايل شاومي ريدمي نوت 13 8GB بشريحتين اتصال، ذاكرة رام 8 جيجا + ذاكرة تخزين داخلية 256 جيجا (6.67 بوصة) (شبكة الجيل الرابع 4G) - (ميدنايت بلاك)",8990,https://www.amazon.eg/%D9%85%D9%88%D8%A8%D8%A7%D9%8A%D9%84-%D8%B4%D8%A7%D9%88%D9%85%D9%8A-13-%D8%A8%D8%B4%D8%B1%D9%8A%D8%AD%D8%AA%D9%8A%D9%86-%D8%A7%D8%AA%D8%B5%D8%A7%D9%84%D8%8C/dp/B0CWRLJYGJ/ref=sr_1_34,Amazon,mobiles,oppo,شاومي,13,نوت
موبايل سامسونج جالاكسي S23 الترا بذاكرة رام 12 جيجا ذكي يعمل بنظام اندرويد بشريحتين اتصال لون أسود فانتوم,47950,https://www.amazon.eg/%D9%85%D9%88%D8%A8%D8%A7%D9%8A%D9%84-%D8%B3%D8%A7%D9%85%D8%B3%D9%88%D9%86%D8%AC-%D8%AC%D8%A7%D9%84%D8%A7%D9%83%D8%B3%D9%8A-%D8%A7%D9%86%D8%AF%D8%B1%D9%88%D9%8A%D8%AF-%D8%A8%D8%B4%D8%B1%D9%8A%D8%AD%D8%AA%D9%8A%D9%86/dp/B0BSLBMCB2/ref=sr_1_37,Amazon,mobiles,oppo,سامسونج,S23,
"موبايل فيفو Y19S شبكة الجيل الرابع 4G ثنائي شرائح الاتصال بذاكرة رام 6 جيجا بايت وسعة تخزين 128 جيجا بايت، إصدار الشرق الأوسط - فضي لؤلؤي",7199,https://www.amazon.eg/%D9%85%D9%88%D8%A8%D8%A7%D9%8A%D9%84-%D9%81%D9%8A%D9%81%D9%88-%D8%A7%D9%84%D8%B1%D8%A7%D8%A8%D8%B9-%D8%A7%D9%84%D8%A7%D8%AA%D8%B5%D8%A7%D9%84-%D8%A8%D8%B0%D8%A7%D9%83%D8%B1%D8%A9/dp/B0DW48GRM4/ref=sr_1_1,Amazon,mobiles,vivo,فيفو,Y19S,
"موبايل فيفو Y04 4G بشريحتين اتصال وذاكرة رام 4Gb، سعة 128Gb و5000 ميلي أمبير في الساعة، إصدار الشرق الأوسط - لون ذهبي",5349,https://www.amazon.eg/%D9%85%D9%88%D8%A8%D8%A7%D9%8A%D9%84-%D8%A8%D8%B4%D8%B1%D9%8A%D8%AD%D8%AA%D9%8A%D9%86-%D9%88%D8%B0%D8%A7%D9%83%D8%B1%D8%A9-%D8%A7%D9%84%D8%B3%D8%A7%D8%B9%D8%A9%D8%8C-%D8%A7%D9%84%D8%A3%D9%88%D8%B3%D8%B7/dp/B0DZVS998Y/ref=sr_1_2,Amazon,mobiles,vivo,فيفو,Y04,
"موبايل فيفو Y04 4G بشريحتين اتصال وذاكرة رام 4Gb، سعة 64Gb و5000 ميلي امبير في الساعة، إصدار الشرق الأوسط - أخضر",4760,https://www.amazon.eg/%D9%85%D9%88%D8%A8%D8%A7%D9%8A%D9%84-%D8%A8%D8%B4%D8%B1%D9%8A%D8%AD%D8%AA%D9%8A%D9%86-%D9%88%D8%B0%D8%A7%D9%83%D8%B1%D8%A9-%D8%A7%D9%84%D8%B3%D8%A7%D8%B9%D8%A9%D8%8C-%D8%A7%D9%84%D8%A3%D9%88%D8%B3%D8%B7/dp/B0DZVSGFT1/ref=sr_1_3,Amazon,mobiles,vivo,فيفو,Y04,
"موبايل فيفو Y04 شبكة الجيل الرابع 4G بشريحتين اتصال مع مساحة ذاكرة رام 4Gb، سعة 64Gb و5000 ميلي امبير في الساعة، إصدار الشرق الأوسط - لون ذهبي",4799,https://www.amazon.eg/%D9%85%D9%88%D8%A8%D8%A7%D9%8A%D9%84-%D8%A7%D9%84%D8%B1%D8%A7%D8%A8%D8%B9-%D8%A8%D8%B4%D8%B1%D9%8A%D8%AD%D8%AA%D9%8A%D9%86-%D8%A7%D9%84%D8%B3%D8%A7%D8%B9%D8%A9%D8%8C-%D8%A7%D9%84%D8%A3%D9%88%D8%B3%D8%B7/dp/B0DZVQZW1K/ref=sr_1_4,Amazon,mobiles,vivo,فيفو,Y04,
"موبايل فيفو Y19s شبكة الجيل الرابع 4G، بشريحتين اتصال، وذاكرة رام 6 جيجابايت وذاكرة داخلية 128 جيجابايت، إصدار الشرق الأوسط",6999,https://www.amazon.eg/%D9%85%D9%88%D8%A8%D8%A7%D9%8A%D9%84-%D9%81%D9%8A%D9%81%D9%88-%D8%A8%D8%B4%D8%B1%D9%8A%D8%AD%D8%AA%D9%8A%D9%86-%D8%AC%D9%8A%D8%AC%D8%A7%D8%A8%D8%A7%D9%8A%D8%AA-%D8%AC%D9%8A%D8%AC%D8%A7%D8%A8%D8%A7%D9%8A%D8%AA%D8%8C/dp/B07WHQZQ8W/ref=sr_1_5,Amazon,mobiles,vivo,فيفو,Y19S,
"موبايل X9c ذاكرة رام 12 جيجابايت 256 جيجابايت مع شريحتين اتصال تيتانيوم وشبكة الجيل الخامس 5G من هونر، لون أرجواني",16999,https://www.amazon.eg/%D9%85%D9%88%D8%A8%D8%A7%D9%8A%D9%84-%D8%AC%D9%8A%D8%AC%D8%A7%D8%A8%D8%A7%D9%8A%D8%AA-%D8%B4%D8%B1%D9%8A%D8%AD%D8%AA%D9%8A%D9%86-%D8%AA%D9%8A%D8%AA%D8%A7%D9%86%D9%8A%D9%88%D9%85-%D8%A3%D8%B1%D8%AC%D9%88%D8%A7%D9%86%D9%8A/dp/B0DMSGL44P/ref=sr_1_9,Amazon,mobiles,vivo,Unknown,X9C,
"موبايل سامسونج جالاكسي A05s، هاتف ذكي يعمل بنظام اندرويد، بشريحتين اتصال، ذاكرة RAM سعة 6 جيحا، - تخزين 128 جيجا، أسود - ضمان لمدة عام/إصدار محلي",5890,https://www.amazon.eg/%D9%85%D9%88%D8%A8%D8%A7%D9%8A%D9%84-%D8%B3%D8%A7%D9%85%D8%B3%D9%88%D9%86%D8%AC-%D8%AC%D8%A7%D9%84%D8%A7%D9%83%D8%B3%D9%8A-%D8%A7%D9%86%D8%AF%D8%B1%D9%88%D9%8A%D8%AF%D8%8C-%D8%A8%D8%B4%D8%B1%D9%8A%D8%AD%D8%AA%D9%8A%D9%86/dp/B0CP45ZGRK/ref=sr_1_11,Amazon,mobiles,vivo,سامسونج,A05S,
"موبايل سامسونج جالاكسي A16 ال تي اي، موبايل ذكي يعمل بنظام اندرويد، بشريحتين اتصال، ذاكرة رام سعة 4 جيحابايت، وسعة تخزينية 128 جيجابايت، أخضر فاتح",7070,https://www.amazon.eg/%D8%B3%D8%A7%D9%85%D8%B3%D9%88%D9%86%D8%AC-%D8%A7%D9%86%D8%AF%D8%B1%D9%88%D9%8A%D8%AF%D8%8C-%D8%A8%D8%B4%D8%B1%D9%8A%D8%AD%D8%AA%D9%8A%D9%86-%D8%AC%D9%8A%D8%AD%D8%A7%D8%A8%D8%A7%D9%8A%D8%AA%D8%8C-%D8%AC%D9%8A%D8%AC%D8%A7%D8%A8%D8%A7%D9%8A%D8%AA%D8%8C/dp/B0DM1RCBHR/ref=sr_1_12,Amazon,mobiles,vivo,سامسونج,A16,
موبايل ريلمي نوت 50 ذاكرة رام 4 جيجابايت السعة التخزينية 128 أسود غامق بشريحتين,5665.78,https://www.amazon.eg/%D8%B1%D9%8A%D9%84%D9%85%D9%8A-50-%D8%AC%D9%8A%D8%AC%D8%A7%D8%A8%D8%A7%D9%8A%D8%AA-%D8%A7%D9%84%D8%AA%D8%AE%D8%B2%D9%8A%D9%86%D9%8A%D8%A9-%D8%A8%D8%B4%D8%B1%D9%8A%D8%AD%D8%AA%D9%8A%D9%86/dp/B0D1VMW5JD/ref=sr_1_13,Amazon,mobiles,vivo,ريلمي,50,
"موبايل سامسونج جالاكسي M55 شبكة الجيل الخامس 5G يعمل بنظام أندرويد بشريحتي اتصال وذاكرة رام 8 جيجابايت وسعة تخزينية 128 جيجابايت، لون أسود، ضمان لمدة عام/إصدار محلي",13999,https://www.amazon.eg/%D8%B3%D8%A7%D9%85%D8%B3%D9%88%D9%86%D8%AC-%D8%AC%D8%A7%D9%84%D8%A7%D9%83%D8%B3%D9%8A-%D8%A3%D9%86%D8%AF%D8%B1%D9%88%D9%8A%D8%AF-%D8%AC%D9%8A%D8%AC%D8%A7%D8%A8%D8%A7%D9%8A%D8%AA-%D8%AC%D9%8A%D8%AC%D8%A7%D8%A8%D8%A7%D9%8A%D8%AA%D8%8C/dp/B0DNMMSRT2/ref=sr_1_14,Amazon,mobiles,vivo,سامسونج,M55,
ريلمي جوال C75 ثنائي شرائح الاتصال بذاكرة روم 128GB وذاكرة RAM 8GB (جي اس ام فقط | بدون سي دي ام ايه) هاتف ذكي 4G/LTE مفتوح من المصنع (ذهبي) - اصدار عالمي,8350,https://www.amazon.eg/%D8%B1%D9%8A%D9%84%D9%85%D9%8A-C75-%D8%A7%D9%84%D8%A7%D8%AA%D8%B5%D8%A7%D9%84-%D8%A8%D8%B0%D8%A7%D9%83%D8%B1%D8%A9-%D9%88%D8%B0%D8%A7%D9%83%D8%B1%D8%A9/dp/B0DRVRSNZ6/ref=sr_1_15,Amazon,mobiles,vivo,ريلمي,C75,
جوال ريلمي C67 ثنائي شرائح الاتصال بذاكرة روم 256GB - RAM 8GB (جي اس ام فقط | بدون سي دي ايه) هاتف ذكي 4G LTE مفتوح من المصنع (صني اويسيس) اصدار عالمي,9590,https://www.amazon.eg/%D8%B1%D9%8A%D9%84%D9%85%D9%8A-%D8%AB%D9%86%D8%A7%D8%A6%D9%8A-%D8%B4%D8%B1%D8%A7%D8%A6%D8%AD-%D8%A7%D9%84%D8%A7%D8%AA%D8%B5%D8%A7%D9%84-%D8%A8%D8%B0%D8%A7%D9%83%D8%B1%D8%A9/dp/B0CQRCWH7P/ref=sr_1_16,Amazon,mobiles,vivo,ريلمي,C67,
موبايل اوبو رينو 11 ذاكرة 12 جيجابايت و256 شبكة الجيل الخامس 5G لون روك جراي - إصدار الإمارات العربية المتحدة رمادي بشريحتين,18750,https://www.amazon.eg/%D9%85%D9%88%D8%A8%D8%A7%D9%8A%D9%84-%D8%A7%D9%88%D8%A8%D9%88-11-%D8%AC%D9%8A%D8%AC%D8%A7%D8%A8%D8%A7%D9%8A%D8%AA-%D8%A7%D9%84%D8%AE%D8%A7%D9%85%D8%B3/dp/B0CRHPG672/ref=sr_1_19,Amazon,mobiles,vivo,اوبو,11,
"موبايل ون بلس 12 شبكة الجيل الخامس 5G ثنائي شرائح الاتصال بذاكرة رام 16 جيجابايت وذاكرة تخزين 512 جيجابايت، لون زمردي فلوي - النسخة العالمية",39350,https://www.amazon.eg/%D9%88%D9%86-%D8%A8%D9%84%D8%B3-%D8%A7%D9%84%D8%A7%D8%AA%D8%B5%D8%A7%D9%84-%D8%AC%D9%8A%D8%AC%D8%A7%D8%A8%D8%A7%D9%8A%D8%AA-%D8%AC%D9%8A%D8%AC%D8%A7%D8%A8%D8%A7%D9%8A%D8%AA%D8%8C/dp/B0CQPP6JTH/ref=sr_1_20,Amazon,mobiles,vivo,ون بلس,12,
"موبايل سامسونج جالاكسي A35 الجيل الخامس 5G، موبايل ذكي يعمل بنظام أندرويد، مزود بشريحتين اتصال، ذاكرة رام 8 جيجابايت، ذاكرة تخزين 256 جيجابايت، لون ايس بلو رائع، إصدار محلي",17450,https://www.amazon.eg/%D8%B3%D8%A7%D9%85%D8%B3%D9%88%D9%86%D8%AC-%D8%AC%D8%A7%D9%84%D8%A7%D9%83%D8%B3%D9%8A-%D8%A3%D9%86%D8%AF%D8%B1%D9%88%D9%8A%D8%AF%D8%8C-%D8%A8%D8%B4%D8%B1%D9%8A%D8%AD%D8%AA%D9%8A%D9%86-%D8%AC%D9%8A%D8%AC%D8%A7%D8%A8%D8%A7%D9%8A%D8%AA%D8%8C/dp/B0CX9651RT/ref=sr_1_22,Amazon,mobiles,vivo,سامسونج,A35,
"موبايل جوجل بيكسل 6 برو بذاكرة داخلية 128 جيجابايت، ذاكرة رام 12 جيجابايت، شبكة الجيل الخامس 5G- لون أسود متدرج (ستورمي)",27000,https://www.amazon.eg/%D9%85%D9%88%D8%A8%D8%A7%D9%8A%D9%84-%D8%AC%D9%88%D8%AC%D9%84-%D8%A8%D8%B0%D8%A7%D9%83%D8%B1%D8%A9-%D8%AF%D8%A7%D8%AE%D9%84%D9%8A%D8%A9-%D8%AC%D9%8A%D8%AC%D8%A7%D8%A8%D8%A7%D9%8A%D8%AA%D8%8C/dp/B09HTTTLJ2/ref=sr_1_26,Amazon,mobiles,vivo,جوجل,6,برو
"موبايل ون بلس 12R رمادي حديدي، ذاكرة رام 16 جيجابايت، تخزين 256 بشريحتين",31950,https://www.amazon.eg/%D9%85%D9%88%D8%A8%D8%A7%D9%8A%D9%84-%D9%88%D9%86-%D8%A8%D9%84%D8%B3-%D8%AC%D9%8A%D8%AC%D8%A7%D8%A8%D8%A7%D9%8A%D8%AA%D8%8C-%D8%A8%D8%B4%D8%B1%D9%8A%D8%AD%D8%AA%D9%8A%D9%86/dp/B0CQYNM3ZF/ref=sr_1_3,Amazon,mobiles,oneplus,ون بلس,12R,
"موبايل ون بلس 12 شبكة الجيل الخامس 5G ثنائي شرائح الاتصال بذاكرة رام 16 جيجابايت وذاكرة تخزين 512 جيجابايت، لون زمردي فلوي - النسخة العالمية",39350,https://www.amazon.eg/%D9%88%D9%86-%D8%A8%D9%84%D8%B3-%D8%A7%D9%84%D8%A7%D8%AA%D8%B5%D8%A7%D9%84-%D8%AC%D9%8A%D8%AC%D8%A7%D8%A8%D8%A7%D9%8A%D8%AA-%D8%AC%D9%8A%D8%AC%D8%A7%D8%A8%D8%A7%D9%8A%D8%AA%D8%8C/dp/B0CQPP6JTH/ref=sr_1_4,Amazon,mobiles,oneplus,ون بلس,12,
"موبايل ون بلس 13 أكثر ذكاء بالذكاء الاصطناعي بذاكرة رام 16 جيجابايت، تخزين 512 جيجابايت، بلون أسود اكليبس - النسخة الهندية",48550,https://www.amazon.eg/%D9%88%D9%86-%D8%A8%D9%84%D8%B3-13-%D8%A7%D9%84%D8%A7%D8%B5%D8%B7%D9%86%D8%A7%D8%B9%D9%8A-%D8%AC%D9%8A%D8%AC%D8%A7%D8%A8%D8%A7%D9%8A%D8%AA%D8%8C/dp/B0DQ8W9CTT/ref=sr_1_5,Amazon,mobiles,oneplus,ون بلس,13,
"موبايل بوكو X6 برو شبكة الجيل الخامس 5G، ثنائي شرائح الاتصال، رمادي، ذاكرة رام 12 جيجابايت وذاكرة 512 جيجابايت - إصدار عالمي",19950,https://www.amazon.eg/%D9%85%D9%88%D8%A8%D8%A7%D9%8A%D9%84-%D8%A7%D9%84%D8%AE%D8%A7%D9%85%D8%B3-%D8%A7%D9%84%D8%A7%D8%AA%D8%B5%D8%A7%D9%84%D8%8C-%D8%B1%D9%85%D8%A7%D8%AF%D9%8A%D8%8C-%D8%AC%D9%8A%D8%AC%D8%A7%D8%A8%D8%A7%D9%8A%D8%AA/dp/B0CPXZHT66/ref=sr_1_8,Amazon,mobiles,oneplus,بوكو,X6,برو
"موبايل سامسونج جالاكسي M55 شبكة الجيل الخامس 5G يعمل بنظام أندرويد بشريحتي اتصال وذاكرة رام 8 جيجابايت وسعة تخزينية 128 جيجابايت، لون أسود، ضمان لمدة عام/إصدار محلي",13999,https://www.amazon.eg/%D8%B3%D8%A7%D9%85%D8%B3%D9%88%D9%86%D8%AC-%D8%AC%D8%A7%D9%84%D8%A7%D9%83%D8%B3%D9%8A-%D8%A3%D9%86%D8%AF%D8%B1%D9%88%D9%8A%D8%AF-%D8%AC%D9%8A%D8%AC%D8%A7%D8%A8%D8%A7%D9%8A%D8%AA-%D8%AC%D9%8A%D8%AC%D8%A7%D8%A8%D8%A7%D9%8A%D8%AA%D8%8C/dp/B0DNMMSRT2/ref=sr_1_9,Amazon,mobiles,oneplus,سامسونج,M55,
موبايل جوجل بيكسل 7 شريحة واحدة شبكة الجيل الخامس 5G ذاكرة رام 8 جيجابايت 256 لون اوبسيديان اصدار امريكا أسود,25950,https://www.amazon.eg/%D9%85%D9%88%D8%A8%D8%A7%D9%8A%D9%84-%D8%AC%D9%88%D8%AC%D9%84-%D8%A7%D9%84%D8%AE%D8%A7%D9%85%D8%B3-%D8%AC%D9%8A%D8%AC%D8%A7%D8%A8%D8%A7%D9%8A%D8%AA-%D8%A7%D9%88%D8%A8%D8%B3%D9%8A%D8%AF%D9%8A%D8%A7%D9%86/dp/B0BCQS263K/ref=sr_1_10,Amazon,mobiles,oneplus,جوجل,7,
موبايل اوبو رينو 11 ذاكرة 12 جيجابايت و256 شبكة الجيل الخامس 5G لون روك جراي - إصدار الإمارات العربية المتحدة رمادي بشريحتين,18750,https://www.amazon.eg/%D9%85%D9%88%D8%A8%D8%A7%D9%8A%D9%84-%D8%A7%D9%88%D8%A8%D9%88-11-%D8%AC%D9%8A%D8%AC%D8%A7%D8%A8%D8%A7%D9%8A%D8%AA-%D8%A7%D9%84%D8%AE%D8%A7%D9%85%D8%B3/dp/B0CRHPG672/ref=sr_1_12,Amazon,mobiles,oneplus,اوبو,11,
"موبايل سامسونج جالكسي S23 FE 5G ثنائي الشريحة يعمل بنظام أندرويد، ذاكرة وصول عشوائي 8 جيجابايت، ذاكرة قراءة فقط 256 جيجابايت - رمادي - ضمان لمدة عام/إصدار محلي",30999,https://www.amazon.eg/%D8%B3%D8%A7%D9%85%D8%B3%D9%88%D9%86%D8%AC-%D8%A7%D9%84%D8%B4%D8%B1%D9%8A%D8%AD%D8%A9-%D8%A3%D9%86%D8%AF%D8%B1%D9%88%D9%8A%D8%AF%D8%8C-%D8%AC%D9%8A%D8%AC%D8%A7%D8%A8%D8%A7%D9%8A%D8%AA%D8%8C-%D8%AC%D9%8A%D8%AC%D8%A7%D8%A8%D8%A7%D9%8A%D8%AA/dp/B0CJXPW2GD/ref=sr_1_13,Amazon,mobiles,oneplus,سامسونج,S23,
جوال ريلمي C67 ثنائي شرائح الاتصال بذاكرة روم 256GB - RAM 8GB (جي اس ام فقط | بدون سي دي ايه) هاتف ذكي 4G LTE مفتوح من المصنع (صني اويسيس) اصدار عالمي,9590,https://www.amazon.eg/%D8%B1%D9%8A%D9%84%D9%85%D9%8A-%D8%AB%D9%86%D8%A7%D8%A6%D9%8A-%D8%B4%D8%B1%D8%A7%D8%A6%D8%AD-%D8%A7%D9%84%D8%A7%D8%AA%D8%B5%D8%A7%D9%84-%D8%A8%D8%B0%D8%A7%D9%83%D8%B1%D8%A9/dp/B0CQRCWH7P/ref=sr_1_15,Amazon,mobiles,oneplus,ريلمي,C67,
موبايل سامسونج جالاكسي Z فولد 5 قابل للطي ذكي يعمل بنظام اندرويد ذاكرة رام 12 جيجابايت - تخزين 512 بلون كريمي نسخة الإمارات العربية شريحتين,69950,https://www.amazon.eg/%D9%85%D9%88%D8%A8%D8%A7%D9%8A%D9%84-%D8%B3%D8%A7%D9%85%D8%B3%D9%88%D9%86%D8%AC-%D8%AC%D8%A7%D9%84%D8%A7%D9%83%D8%B3%D9%8A-%D8%A7%D9%86%D8%AF%D8%B1%D9%88%D9%8A%D8%AF-%D8%AC%D9%8A%D8%AC%D8%A7%D8%A8%D8%A7%D9%8A%D8%AA/dp/B0CC9X8B6K/ref=sr_1_16,Amazon,mobiles,oneplus,Apple,5,
"ريلمي 14T 5G، ذاكرة رام 8 جيجا، 256جيجا، ارجواني فاتح",13500,https://www.amazon.eg/%D8%B1%D9%8A%D9%84%D9%85%D9%8A-%D8%B0%D8%A7%D9%83%D8%B1%D8%A9-%D8%AC%D9%8A%D8%AC%D8%A7%D8%8C-256%D8%AC%D9%8A%D8%AC%D8%A7%D8%8C-%D8%A7%D8%B1%D8%AC%D9%88%D8%A7%D9%86%D9%8A/dp/B0F99WTGSZ/ref=sr_1_5,Amazon,mobiles,realme,ريلمي,14T,
"موبايل ريلمي نوت 60x بشريحتي اتصال بسعة التخزين 128 جيجابايت وذاكرة رام 4 جيجابايت، شبكة الجيل الرابع الجيل 4G",5160,https://www.amazon.eg/%D8%B1%D9%8A%D9%84%D9%85%D9%8A-%D8%A8%D8%B4%D8%B1%D9%8A%D8%AD%D8%AA%D9%8A-%D8%A7%D9%84%D8%AA%D8%AE%D8%B2%D9%8A%D9%86-%D8%AC%D9%8A%D8%AC%D8%A7%D8%A8%D8%A7%D9%8A%D8%AA-%D8%AC%D9%8A%D8%AC%D8%A7%D8%A8%D8%A7%D9%8A%D8%AA%D8%8C/dp/B0F4PR2RD4/ref=sr_1_8,Amazon,mobiles,realme,ريلمي,60X,
موبايل ريلمي نوت 50 شبكة الجيل الرابع 4G بذاكرة رام 4 جيجابايت والسعة التخزينية 128 جيجابايت - لون أزرق سماوي,5398.98,https://www.amazon.eg/%D9%85%D9%88%D8%A8%D8%A7%D9%8A%D9%84-%D8%B1%D9%8A%D9%84%D9%85%D9%8A-%D8%A7%D9%84%D8%B1%D8%A7%D8%A8%D8%B9-%D8%AC%D9%8A%D8%AC%D8%A7%D8%A8%D8%A7%D9%8A%D8%AA-%D8%A7%D9%84%D8%AA%D8%AE%D8%B2%D9%8A%D9%86%D9%8A%D8%A9/dp/B0CW218GHZ/ref=sr_1_10,Amazon,mobiles,realme,ريلمي,50,
"موبايل ريلمي C65 بشريحتين اتصال ، ذاكرة رام 8 جيجابايت - 256 ستارلايت بيربل",7475,https://www.amazon.eg/%D9%85%D9%88%D8%A8%D8%A7%D9%8A%D9%84-%D8%B1%D9%8A%D9%84%D9%85%D9%8A-%D8%A8%D8%B4%D8%B1%D9%8A%D8%AD%D8%AA%D9%8A%D9%86-%D8%A7%D8%AA%D8%B5%D8%A7%D9%84-%D8%AC%D9%8A%D8%AC%D8%A7%D8%A8%D8%A7%D9%8A%D8%AA/dp/B0DB2NPL5J/ref=sr_1_11,Amazon,mobiles,realme,ريلمي,C65,
ريلمي هاتف ذكي C65 ثنائي شرائح الاتصال بذاكرة روم 128GB وذاكرة RAM 6GB (جي اس ام فقط | بدون سي دي ام ايه) هاتف ذكي 4G/LTE غير مغلق من المصنع (اسود ستارلايت) - اصدار عالمي,6799,https://www.amazon.eg/%D8%B1%D9%8A%D9%84%D9%85%D9%8A-%D8%A7%D9%84%D8%A7%D8%AA%D8%B5%D8%A7%D9%84-%D8%A8%D8%B0%D8%A7%D9%83%D8%B1%D8%A9-%D9%88%D8%B0%D8%A7%D9%83%D8%B1%D8%A9-%D8%B3%D8%AA%D8%A7%D8%B1%D9%84%D8%A7%D9%8A%D8%AA/dp/B0CZTSNZ1G/ref=sr_1_13,Amazon,mobiles,realme,ريلمي,C65,
جوال ريلمي نوت 50 ثنائي شرائح الاتصال بذاكرة روم 64GB - RAM 3GB جي اس ام فقط | بدون سي دي ايه هاتف ذكي 4G LTE مفتوح من المصنع ازرق سماوي - اصدار عالمي,4690,https://www.amazon.eg/%D8%B1%D9%8A%D9%84%D9%85%D9%8A-%D8%AB%D9%86%D8%A7%D8%A6%D9%8A-%D8%B4%D8%B1%D8%A7%D8%A6%D8%AD-%D8%A7%D9%84%D8%A7%D8%AA%D8%B5%D8%A7%D9%84-%D8%A8%D8%B0%D8%A7%D9%83%D8%B1%D8%A9/dp/B0D1GWYH9X/ref=sr_1_18,Amazon,mobiles,realme,ريلمي,50,
"ريلمي 14 5G، 12 جيجابايت رام، 256 جيجابايت، ستورم تيتانيوم",18200,https://www.amazon.eg/%D8%B1%D9%8A%D9%84%D9%85%D9%8A-%D8%AC%D9%8A%D8%AC%D8%A7%D8%A8%D8%A7%D9%8A%D8%AA-%D8%AC%D9%8A%D8%AC%D8%A7%D8%A8%D8%A7%D9%8A%D8%AA%D8%8C-%D8%B3%D8%AA%D9%88%D8%B1%D9%85-%D8%AA%D9%8A%D8%AA%D8%A7%D9%86%D9%8A%D9%88%D9%85/dp/B0F99RCKNB/ref=sr_1_19,Amazon,mobiles,realme,ريلمي,14,
"موبايل ريلمي C61 4G، ذاكرة رام 4 جيجابايت، تخزين 128 جيجابايت - أخضر داكن",5690,https://www.amazon.eg/%D9%85%D9%88%D8%A8%D8%A7%D9%8A%D9%84-%D8%B1%D9%8A%D9%84%D9%85%D9%8A-C61-%D8%AC%D9%8A%D8%AC%D8%A7%D8%A8%D8%A7%D9%8A%D8%AA%D8%8C-%D8%AC%D9%8A%D8%AC%D8%A7%D8%A8%D8%A7%D9%8A%D8%AA/dp/B0DC78765L/ref=sr_1_20,Amazon,mobiles,realme,ريلمي,C61,
"موبايل نوت 50 ثنائي شريحة الاتصال روم 64 جيجابايت وRAM 3 جيجابايت (جي اس ام فقط | بدون CDMA) مفتوح من المصنع 4G/ LTE (اسود قاتم)، اصدار عالمي",4690,https://www.amazon.eg/%D9%85%D9%88%D8%A8%D8%A7%D9%8A%D9%84-%D8%AB%D9%86%D8%A7%D8%A6%D9%8A-%D8%A7%D9%84%D8%A7%D8%AA%D8%B5%D8%A7%D9%84-%D8%AC%D9%8A%D8%AC%D8%A7%D8%A8%D8%A7%D9%8A%D8%AA-%D8%A7%D9%84%D9%85%D8%B5%D9%86%D8%B9/dp/B0D1GKRX6Y/ref=sr_1_21,Amazon,mobiles,realme,Unknown,50,
"ريلمي 14T 5G، ذاكرة رام 8 جيجابايت، 256 جيجابايت، اسود اوبسيديان",14250,https://www.amazon.eg/%D8%B1%D9%8A%D9%84%D9%85%D9%8A-%D8%B0%D8%A7%D9%83%D8%B1%D8%A9-%D8%AC%D9%8A%D8%AC%D8%A7%D8%A8%D8%A7%D9%8A%D8%AA%D8%8C-%D8%A7%D8%B3%D9%88%D8%AF-%D8%A7%D9%88%D8%A8%D8%B3%D9%8A%D8%AF%D9%8A%D8%A7%D9%86/dp/B0F99X6VHQ/ref=sr_1_22,Amazon,mobiles,realme,ريلمي,14T,
"موبايل ريلمي شبكة الجيل الرابع C61 4G، ذاكرة رام 6 جيجابايت، سعة تخزينية 128 جيجابايت- أخضر غامق",6115.78,https://www.amazon.eg/%D8%B1%D9%8A%D9%84%D9%85%D9%8A-C61-%D8%AC%D9%8A%D8%AC%D8%A7%D8%A8%D8%A7%D9%8A%D8%AA%D8%8C-%D8%AA%D8%AE%D8%B2%D9%8A%D9%86%D9%8A%D8%A9-%D8%AC%D9%8A%D8%AC%D8%A7%D8%A8%D8%A7%D9%8A%D8%AA/dp/B0D856WYB7/ref=sr_1_23,Amazon,mobiles,realme,ريلمي,C61,
موبايل ريلمي نوت 50 ذاكرة رام 4 جيجابايت السعة التخزينية 128 أسود غامق بشريحتين,5665.78,https://www.amazon.eg/%D8%B1%D9%8A%D9%84%D9%85%D9%8A-50-%D8%AC%D9%8A%D8%AC%D8%A7%D8%A8%D8%A7%D9%8A%D8%AA-%D8%A7%D9%84%D8%AA%D8%AE%D8%B2%D9%8A%D9%86%D9%8A%D8%A9-%D8%A8%D8%B4%D8%B1%D9%8A%D8%AD%D8%AA%D9%8A%D9%86/dp/B0D1VMW5JD/ref=sr_1_24,Amazon,mobiles,realme,ريلمي,50,
جوال ريلمي C67 ثنائي شرائح الاتصال بذاكرة روم 256GB - RAM 8GB (جي اس ام فقط | بدون سي دي ايه) هاتف ذكي 4G LTE مفتوح من المصنع (صني اويسيس) اصدار عالمي,9590,https://www.amazon.eg/%D8%B1%D9%8A%D9%84%D9%85%D9%8A-%D8%AB%D9%86%D8%A7%D8%A6%D9%8A-%D8%B4%D8%B1%D8%A7%D8%A6%D8%AD-%D8%A7%D9%84%D8%A7%D8%AA%D8%B5%D8%A7%D9%84-%D8%A8%D8%B0%D8%A7%D9%83%D8%B1%D8%A9/dp/B0CQRCWH7P/ref=sr_1_25,Amazon,mobiles,realme,ريلمي,C67,
موبايل ريلمي C65 شبكة الجيل الرابع 4G بذاكرة 6 جيجابايت - رام 128 – ذهبي,6790,https://www.amazon.eg/%D9%85%D9%88%D8%A8%D8%A7%D9%8A%D9%84-%D8%B1%D9%8A%D9%84%D9%85%D9%8A-%D8%A7%D9%84%D8%B1%D8%A7%D8%A8%D8%B9-%D8%A8%D8%B0%D8%A7%D9%83%D8%B1%D8%A9-%D8%AC%D9%8A%D8%AC%D8%A7%D8%A8%D8%A7%D9%8A%D8%AA/dp/B0D6HXKJR3/ref=sr_1_26,Amazon,mobiles,realme,ريلمي,C65,
موبايل ريلمي نوت 50 بشريحتين اتصال وذاكرة ROM سعة 128 جيجا رام 4 بتقنية GSM فقط بدون سي دي ام ايه وشبكة الجيل الرابع 4G LTE مفتوحة من المصنع إصدار عالمي لون أسود ميدنايت,5550,https://www.amazon.eg/%D9%85%D9%88%D8%A8%D8%A7%D9%8A%D9%84-%D8%B1%D9%8A%D9%84%D9%85%D9%8A-%D8%A8%D8%B4%D8%B1%D9%8A%D8%AD%D8%AA%D9%8A%D9%86-%D9%88%D8%B0%D8%A7%D9%83%D8%B1%D8%A9-%D9%85%D9%8A%D8%AF%D9%86%D8%A7%D9%8A%D8%AA/dp/B0CV4KL9HC/ref=sr_1_27,Amazon,mobiles,realme,ريلمي,50,
"موبايل ريلمي C67 بلون صني أويسيز، 8-256",9590,https://www.amazon.eg/%D9%85%D9%88%D8%A8%D8%A7%D9%8A%D9%84-%D8%B1%D9%8A%D9%84%D9%85%D9%8A-%D8%A8%D9%84%D9%88%D9%86-%D8%A3%D9%88%D9%8A%D8%B3%D9%8A%D8%B2%D8%8C-8-256/dp/B0CVXTLC6F/ref=sr_1_28,Amazon,mobiles,realme,ريلمي,C67,
ريلمي جوال C75 ثنائي شرائح الاتصال بذاكرة روم 128GB وذاكرة RAM 8GB (جي اس ام فقط | بدون سي دي ام ايه) هاتف ذكي 4G/LTE مفتوح من المصنع (ذهبي) - اصدار عالمي,8350,https://www.amazon.eg/%D8%B1%D9%8A%D9%84%D9%85%D9%8A-C75-%D8%A7%D9%84%D8%A7%D8%AA%D8%B5%D8%A7%D9%84-%D8%A8%D8%B0%D8%A7%D9%83%D8%B1%D8%A9-%D9%88%D8%B0%D8%A7%D9%83%D8%B1%D8%A9/dp/B0DRVRSNZ6/ref=sr_1_30,Amazon,mobiles,realme,ريلمي,C75,
"موبايل ريلمي C75 شبكة الجيل الرابع 4G بذاكرة 8+256 جيجابايت، أسود",9475,https://www.amazon.eg/%D9%85%D9%88%D8%A8%D8%A7%D9%8A%D9%84-%D8%B1%D9%8A%D9%84%D9%85%D9%8A-%D8%A7%D9%84%D8%B1%D8%A7%D8%A8%D8%B9-%D8%A8%D8%B0%D8%A7%D9%83%D8%B1%D8%A9-%D8%AC%D9%8A%D8%AC%D8%A7%D8%A8%D8%A7%D9%8A%D8%AA%D8%8C/dp/B0DRYTNDYW/ref=sr_1_33,Amazon,mobiles,realme,ريلمي,C75,
"موبايل ريملي C21Y بشريحتين اتصال بسعة 64 جيجا وذاكرة رام 4 جيجابايت وشبكة الجيل الرابع 4G ال تي اي (لون اسود، مقاس 6.5 بوصة)",4900,https://www.amazon.eg/%D9%85%D9%88%D8%A8%D8%A7%D9%8A%D9%84-C21Y-%D8%A8%D8%B4%D8%B1%D9%8A%D8%AD%D8%AA%D9%8A%D9%86-%D9%88%D8%B0%D8%A7%D9%83%D8%B1%D8%A9-%D8%AC%D9%8A%D8%AC%D8%A7%D8%A8%D8%A7%D9%8A%D8%AA/dp/B09FGZDDF1/ref=sr_1_34,Amazon,mobiles,realme,Unknown,C21Y,
"موبايل ريلمي C67 شبكة الجيل الرابع 4G، بذاكرة رام 8 جيجابايت، وسعة تخزينية 256 جيجابايت - أسود (بلاك روك)",9499,https://www.amazon.eg/%D9%85%D9%88%D8%A8%D8%A7%D9%8A%D9%84-%D8%B1%D9%8A%D9%84%D9%85%D9%8A-%D8%AC%D9%8A%D8%AC%D8%A7%D8%A8%D8%A7%D9%8A%D8%AA%D8%8C-%D8%AA%D8%AE%D8%B2%D9%8A%D9%86%D9%8A%D8%A9-%D8%AC%D9%8A%D8%AC%D8%A7%D8%A8%D8%A7%D9%8A%D8%AA/dp/B0CVXXTMB3/ref=sr_1_36,Amazon,mobiles,realme,ريلمي,C67,
"جوال سامسونج جالكسي ايه 16 ال تي اي، ثنائي شرائح الاتصال، ذاكرة رام 6 جيجا، تخزين 128 جيجا، اسود (ضمان محلي لمدة عام)",7839.99,https://www.amazon.eg/%D8%B3%D8%A7%D9%85%D8%B3%D9%88%D9%86%D8%AC-%D8%AC%D8%A7%D9%84%D9%83%D8%B3%D9%8A-%D8%AB%D9%86%D8%A7%D8%A6%D9%8A-%D8%B4%D8%B1%D8%A7%D8%A6%D8%AD-%D8%A7%D9%84%D8%A7%D8%AA%D8%B5%D8%A7%D9%84%D8%8C/dp/B0DMFBQL5M/ref=sr_1_37,Amazon,mobiles,realme,سامسونج,A16,
"موبايل سامسونج جالاكسي M55 شبكة الجيل الخامس 5G يعمل بنظام أندرويد بشريحتي اتصال وذاكرة رام 8 جيجابايت وسعة تخزينية 128 جيجابايت، لون أخضر فاتح، ضمان لمدة عام/إصدار محلي",13999,https://www.amazon.eg/%D8%B3%D8%A7%D9%85%D8%B3%D9%88%D9%86%D8%AC-%D8%AC%D8%A7%D9%84%D8%A7%D9%83%D8%B3%D9%8A-%D8%A3%D9%86%D8%AF%D8%B1%D9%88%D9%8A%D8%AF-%D8%AC%D9%8A%D8%AC%D8%A7%D8%A8%D8%A7%D9%8A%D8%AA-%D8%AC%D9%8A%D8%AC%D8%A7%D8%A8%D8%A7%D9%8A%D8%AA%D8%8C/dp/B0DNMMMJ1V/ref=sr_1_40,Amazon,mobiles,realme,سامسونج,M55,
"موبايل شاومي ريدمي نوت 13 8GB بشريحتين اتصال، ذاكرة رام 8 جيجا + ذاكرة تخزين داخلية 256 جيجا (6.67 بوصة) (شبكة الجيل الرابع 4G) - (ميدنايت بلاك)",8990,https://www.amazon.eg/%D9%85%D9%88%D8%A8%D8%A7%D9%8A%D9%84-%D8%B4%D8%A7%D9%88%D9%85%D9%8A-13-%D8%A8%D8%B4%D8%B1%D9%8A%D8%AD%D8%AA%D9%8A%D9%86-%D8%A7%D8%AA%D8%B5%D8%A7%D9%84%D8%8C/dp/B0CWRLJYGJ/ref=sr_1_42,Amazon,mobiles,realme,شاومي,13,نوت
موبايل اوبو رينو 11 ذاكرة 12 جيجابايت و256 شبكة الجيل الخامس 5G لون روك جراي - إصدار الإمارات العربية المتحدة رمادي بشريحتين,18750,https://www.amazon.eg/%D9%85%D9%88%D8%A8%D8%A7%D9%8A%D9%84-%D8%A7%D9%88%D8%A8%D9%88-11-%D8%AC%D9%8A%D8%AC%D8%A7%D8%A8%D8%A7%D9%8A%D8%AA-%D8%A7%D9%84%D8%AE%D8%A7%D9%85%D8%B3/dp/B0CRHPG672/ref=sr_1_43,Amazon,mobiles,realme,اوبو,11,
موبايل جوجل بيكسل 7 شريحة واحدة شبكة الجيل الخامس 5G ذاكرة رام 8 جيجابايت 256 لون اوبسيديان اصدار امريكا أسود,25950,https://www.amazon.eg/%D9%85%D9%88%D8%A8%D8%A7%D9%8A%D9%84-%D8%AC%D9%88%D8%AC%D9%84-%D8%A7%D9%84%D8%AE%D8%A7%D9%85%D8%B3-%D8%AC%D9%8A%D8%AC%D8%A7%D8%A8%D8%A7%D9%8A%D8%AA-%D8%A7%D9%88%D8%A8%D8%B3%D9%8A%D8%AF%D9%8A%D8%A7%D9%86/dp/B0BCQS263K/ref=sr_1_6,Amazon,mobiles,google pixel,جوجل,7,
"موبايل جوجل بيكسل 6 برو بذاكرة داخلية 128 جيجابايت، ذاكرة رام 12 جيجابايت، شبكة الجيل الخامس 5G- لون أسود متدرج (ستورمي)",27000,https://www.amazon.eg/%D9%85%D9%88%D8%A8%D8%A7%D9%8A%D9%84-%D8%AC%D9%88%D8%AC%D9%84-%D8%A8%D8%B0%D8%A7%D9%83%D8%B1%D8%A9-%D8%AF%D8%A7%D8%AE%D9%84%D9%8A%D8%A9-%D8%AC%D9%8A%D8%AC%D8%A7%D8%A8%D8%A7%D9%8A%D8%AA%D8%8C/dp/B09HTTTLJ2/ref=sr_1_10,Amazon,mobiles,google pixel,جوجل,6,برو
"موبايل سامسونج جالاكسي S23 اف اي شبكة الجيل الخامس 5G بشريحتي اتصال، يعمل بنظام أندرويد، مع ذاكرة رام 8 جيجابايت و ذاكرة ROM بسعة 256 جيجابايت - لون أخضر مينت",28888,https://www.amazon.eg/%D8%B3%D8%A7%D9%85%D8%B3%D9%88%D9%86%D8%AC-%D8%AC%D8%A7%D9%84%D8%A7%D9%83%D8%B3%D9%8A-%D8%A8%D8%B4%D8%B1%D9%8A%D8%AD%D8%AA%D9%8A-%D8%A3%D9%86%D8%AF%D8%B1%D9%88%D9%8A%D8%AF%D8%8C-%D8%AC%D9%8A%D8%AC%D8%A7%D8%A8%D8%A7%D9%8A%D8%AA/dp/B0CJXPXVGZ/ref=sr_1_20,Amazon,mobiles,google pixel,سامسونج,S23,
"موبايل ون بلس 12R رمادي حديدي، ذاكرة رام 16 جيجابايت، تخزين 256 بشريحتين",31950,https://www.amazon.eg/%D9%85%D9%88%D8%A8%D8%A7%D9%8A%D9%84-%D9%88%D9%86-%D8%A8%D9%84%D8%B3-%D8%AC%D9%8A%D8%AC%D8%A7%D8%A8%D8%A7%D9%8A%D8%AA%D8%8C-%D8%A8%D8%B4%D8%B1%D9%8A%D8%AD%D8%AA%D9%8A%D9%86/dp/B0CQYNM3ZF/ref=sr_1_21,Amazon,mobiles,google pixel,ون بلس,12R,
"موبايل ون بلس 12 شبكة الجيل الخامس 5G ثنائي شرائح الاتصال بذاكرة رام 16 جيجابايت وذاكرة تخزين 512 جيجابايت، لون زمردي فلوي - النسخة العالمية",39350,https://www.amazon.eg/%D9%88%D9%86-%D8%A8%D9%84%D8%B3-%D8%A7%D9%84%D8%A7%D8%AA%D8%B5%D8%A7%D9%84-%D8%AC%D9%8A%D8%AC%D8%A7%D8%A8%D8%A7%D9%8A%D8%AA-%D8%AC%D9%8A%D8%AC%D8%A7%D8%A8%D8%A7%D9%8A%D8%AA%D8%8C/dp/B0CQPP6JTH/ref=sr_1_23,Amazon,mobiles,google pixel,ون بلس,12,
موبايل سامسونج جالاكسي S23 الترا بذاكرة رام 12 جيجا ذكي يعمل بنظام اندرويد بشريحتين اتصال لون أسود فانتوم,47950,https://www.amazon.eg/%D9%85%D9%88%D8%A8%D8%A7%D9%8A%D9%84-%D8%B3%D8%A7%D9%85%D8%B3%D9%88%D9%86%D8%AC-%D8%AC%D8%A7%D9%84%D8%A7%D9%83%D8%B3%D9%8A-%D8%A7%D9%86%D8%AF%D8%B1%D9%88%D9%8A%D8%AF-%D8%A8%D8%B4%D8%B1%D9%8A%D8%AD%D8%AA%D9%8A%D9%86/dp/B0BSLBMCB2/ref=sr_1_24,Amazon,mobiles,google pixel,سامسونج,S23,
"موبايل ذكي اورا TA-1631 DS 4 جيجابايت/128 جيجابايت NENA2 شريحتين اتصال، مقاس 6.56 بوصة، أخضر من اتش ام دي، نينا 2",4910.4,https://www.amazon.eg/TA-1631-%D8%AC%D9%8A%D8%AC%D8%A7%D8%A8%D8%A7%D9%8A%D8%AA-%D8%B4%D8%B1%D9%8A%D8%AD%D8%AA%D9%8A%D9%86-%D8%A7%D8%AA%D8%B4-%D8%A7%D9%85/dp/B0D7ZSL3GG/ref=sr_1_6,Amazon,mobiles,nokia,Unknown,1631,
"موبايل سامسونج جالاكسي ايه 55 الجيل الخامس 5G، ثنائي شرائح الاتصال، ذاكرة رام 8 جيجا، تخزين 128 جيجا، كحلي رائع - ضمان لمدة عام / اصدار محلي",19999,https://www.amazon.eg/%D9%85%D9%88%D8%A8%D8%A7%D9%8A%D9%84-%D8%B3%D8%A7%D9%85%D8%B3%D9%88%D9%86%D8%AC-%D8%AC%D8%A7%D9%84%D8%A7%D9%83%D8%B3%D9%8A-%D8%A7%D9%84%D8%AE%D8%A7%D9%85%D8%B3-%D8%A7%D9%84%D8%A7%D8%AA%D8%B5%D8%A7%D9%84%D8%8C/dp/B0CX95PRMC/ref=sr_1_10,Amazon,mobiles,nokia,سامسونج,A55,
"موبايل ون بلس 12R رمادي حديدي، ذاكرة رام 16 جيجابايت، تخزين 256 بشريحتين",31950,https://www.amazon.eg/%D9%85%D9%88%D8%A8%D8%A7%D9%8A%D9%84-%D9%88%D9%86-%D8%A8%D9%84%D8%B3-%D8%AC%D9%8A%D8%AC%D8%A7%D8%A8%D8%A7%D9%8A%D8%AA%D8%8C-%D8%A8%D8%B4%D8%B1%D9%8A%D8%AD%D8%AA%D9%8A%D9%86/dp/B0CQYNM3ZF/ref=sr_1_1,Amazon,mobiles,sony,ون بلس,12R,
"سوني مسجل صوت رقمي مع يو اس بي مدمج - اسود، ICD-PX470",4999,https://www.amazon.eg/%D8%B3%D9%88%D9%86%D9%8A-%D9%85%D8%B3%D8%AC%D9%84-%D8%B5%D9%88%D8%AA-%D8%B1%D9%82%D9%85%D9%8A-%D9%85%D8%AF%D9%85%D8%AC/dp/B01MZIXLB0/ref=sr_1_16,Amazon,mobiles,sony,سوني,,
"سوني اكسبلود (CDX-A110U) مشغل صوت ستيريو سي دي/ USB/ ايه يو اكس/ راديو للسيارة، اندرويد/ تحكم بمضخم الصوت، 2724597450090",3500,https://www.amazon.eg/%D8%B3%D9%88%D9%86%D9%8A-%D8%A7%D9%83%D8%B3%D8%A8%D9%84%D9%88%D8%AF-CDX-A110U-%D9%84%D9%84%D8%B3%D9%8A%D8%A7%D8%B1%D8%A9%D8%8C-2724597450090/dp/B0994WFH83/ref=sr_1_24,Amazon,mobiles,sony,سوني,A110U,
"موبايل سامسونج جالاكسي ايه 55 الجيل الخامس 5G، ثنائي شرائح الاتصال، ذاكرة رام 8 جيجا، تخزين 128 جيجا، كحلي رائع - ضمان لمدة عام / اصدار محلي",19999,https://www.amazon.eg/%D9%85%D9%88%D8%A8%D8%A7%D9%8A%D9%84-%D8%B3%D8%A7%D9%85%D8%B3%D9%88%D9%86%D8%AC-%D8%AC%D8%A7%D9%84%D8%A7%D9%83%D8%B3%D9%8A-%D8%A7%D9%84%D8%AE%D8%A7%D9%85%D8%B3-%D8%A7%D9%84%D8%A7%D8%AA%D8%B5%D8%A7%D9%84%D8%8C/dp/B0CX95PRMC/ref=sr_1_1,Amazon,mobiles,lg,سامسونج,A55,
"تلفزيون ليد ذكي 55 بوصة بدقة 4K UHD مع ريسيفر مدمج من ال جي، أسود",20199,https://www.amazon.eg/%D8%AA%D9%84%D9%81%D8%B2%D9%8A%D9%88%D9%86-%D8%A8%D9%88%D8%B5%D8%A9-%D8%A8%D8%AF%D9%82%D8%A9-%D8%B1%D9%8A%D8%B3%D9%8A%D9%81%D8%B1-%D8%A7%D9%84/dp/B0DVZM4SNN/ref=sr_1_1,Amazon,mobiles,lg,ال جي,55,
تلفزيون ذكي ال جي ال اي دي 43 بوصة سلسلة LM6370 FHD HDR سمارت LED - 43LM6370PVA,13798,https://www.amazon.eg/%D8%AA%D9%84%D9%81%D8%B2%D9%8A%D9%88%D9%86-%D8%A7%D9%84-%D8%AC%D9%8A-%D8%B3%D9%84%D8%B3%D9%84%D8%A9-LM6370/dp/B09BDFDFFS/ref=sr_1_2,Amazon,mobiles,lg,ال جي,43,
"تلفزيون UHD UT80 ذكي بدقة 4K بتقنية الذكاء الاصطناعي وتقنية المدى الديناميكي العالي HDR 10 من ال جي، 55 بوصة، webOS24-55UT80006LB (2024)، أسود",21390,https://www.amazon.eg/%D8%AA%D9%84%D9%81%D8%B2%D9%8A%D9%88%D9%86-%D8%A7%D9%84%D8%A7%D8%B5%D8%B7%D9%86%D8%A7%D8%B9%D9%8A-%D8%A7%D9%84%D8%AF%D9%8A%D9%86%D8%A7%D9%85%D9%8A%D9%83%D9%8A-%D8%A7%D9%84-webOS24-55UT80006LB/dp/B0DJRDKYVT/ref=sr_1_3,Amazon,mobiles,lg,ال جي,4K,
"تلفزيون UHD UT80 ذكي بدقة 4K بتقنية الذكاء الاصطناعي وتقنية المدى الديناميكي العالي HDR 10 مقاس 75 بوصة، webOS24-75UT80006LB (2024) من ال جي",32999,https://www.amazon.eg/%D8%A7%D9%84%D8%A7%D8%B5%D8%B7%D9%86%D8%A7%D8%B9%D9%8A-%D8%A7%D9%84%D8%AF%D9%8A%D9%86%D8%A7%D9%85%D9%8A%D9%83%D9%8A-webOS24-75UT80006LB-%D8%A7%D9%84-%D8%AC%D9%8A/dp/B0DJRDF5SC/ref=sr_1_4,Amazon,mobiles,lg,ال جي,4K,
اكس بووم 360 او 3 من ال جي بلوتوث,13799,https://www.amazon.eg/%D8%A7%D9%83%D8%B3-%D8%A8%D9%88%D9%88%D9%85-%D8%A7%D9%84-%D8%AC%D9%8A-%D8%A8%D9%84%D9%88%D8%AA%D9%88%D8%AB/dp/B0BRY5473G/ref=sr_1_5,Amazon,mobiles,lg,ال جي,360,
"ميكروويف عاكس ذكي مع شواية من ال جي MH8265DIS - 1200 واط، 42 لتر، اسود - (ضمان دولي)",8799,https://www.amazon.eg/%D9%85%D9%8A%D9%83%D8%B1%D9%88%D9%88%D9%8A%D9%81-%D8%B4%D9%88%D8%A7%D9%8A%D8%A9-%D8%A7%D9%84-%D8%AC%D9%8A-MH8265DIS/dp/B094HJ4JSH/ref=sr_1_6,Amazon,mobiles,lg,ال جي,1200,
"LG غسالة بسعة 8 كجم، تحميل امامي، بتقنية الذكاء الاصطناعي DD™، للعناية بالحساسية والعناية بالبقع، F2T2TYM1S.ADSPEEC، من ال جي، تعبئة أمامية، فضي",17990,https://www.amazon.eg/%D8%A7%D9%84%D8%A7%D8%B5%D8%B7%D9%86%D8%A7%D8%B9%D9%8A-%D8%A8%D8%A7%D9%84%D8%AD%D8%B3%D8%A7%D8%B3%D9%8A%D8%A9-%D9%88%D8%A7%D9%84%D8%B9%D9%86%D8%A7%D9%8A%D8%A9-F2T2TYM1S-ADSPEEC%D8%8C-%D8%A7%D9%84/dp/B0C2CKC25X/ref=sr_1_7,Amazon,mobiles,lg,ال جي,8,
تلفزيون ال جي الذكي 55 بوصة UHD AI UA85 4K بتقنية الذكاء الاصطناعي ماجيك عن بعد HDR10 webOS25-55UA85006LA.AFU (موديل 2025),21666,https://www.amazon.eg/%D8%AA%D9%84%D9%81%D8%B2%D9%8A%D9%88%D9%86-%D8%A7%D9%84-%D8%AC%D9%8A-%D8%A7%D9%84%D8%A7%D8%B5%D8%B7%D9%86%D8%A7%D8%B9%D9%8A-webOS25-55UA85006LA-AFU/dp/B0F92W1LBV/ref=sr_1_8,Amazon,mobiles,lg,ال جي,55,
"مكبر صوت للحفلات RNC5 إكس بوم من LG، يأتي مع خاصية تعزيز الصوت الجهوري المزدوج وإضاءة متعددة الألوان ومدخل وسائط متعددة",18779.12,https://www.amazon.eg/%D9%84%D9%84%D8%AD%D9%81%D9%84%D8%A7%D8%AA-RNC5-%D8%A7%D9%84%D8%AC%D9%87%D9%88%D8%B1%D9%8A-%D8%A7%D9%84%D9%85%D8%B2%D8%AF%D9%88%D8%AC-%D8%A7%D9%84%D8%A3%D9%84%D9%88%D8%A7%D9%86/dp/B0C9F14393/ref=sr_1_11,Amazon,mobiles,lg,LG,,
"تلفزيون 43 بوصة الترا اتش دي سمارت 4K من ال جي 43UR801، أسود",14299,https://www.amazon.eg/%D8%AA%D9%84%D9%81%D8%B2%D9%8A%D9%88%D9%86-%D8%A7%D9%84%D8%AA%D8%B1%D8%A7-%D8%A7%D9%84-%D8%AC%D9%8A-43UR801%D8%8C/dp/B0D2W44VPD/ref=sr_1_13,Amazon,mobiles,lg,ال جي,43,
تلفزيون سمارت نانو سيل نانو سيل بدقة 4 كيه من ال جي مقاس 65 بوصة بتقنية الذكاء الاصطناعي بخاصية HDR 10 webOS24-65NANO80T6A (2024),33999,https://www.amazon.eg/%D8%AA%D9%84%D9%81%D8%B2%D9%8A%D9%88%D9%86-%D8%A7%D9%84-%D8%AC%D9%8A-%D8%A7%D9%84%D8%A7%D8%B5%D8%B7%D9%86%D8%A7%D8%B9%D9%8A-webOS24-65NANO80T6A/dp/B0D472YLDJ/ref=sr_1_14,Amazon,mobiles,lg,ال جي,4,
تكييف سبليت انفرتر تبريد فقط 1.5 حصان S4-Q12JA3AE من ال جي,28500,https://www.amazon.eg/%D8%AA%D9%83%D9%8A%D9%8A%D9%81-%D8%A7%D9%86%D9%81%D8%B1%D8%AA%D8%B1-S4-Q12JA3AE-%D8%A7%D9%84-%D8%AC%D9%8A/dp/B08Y8YTQGP/ref=sr_1_15,Amazon,mobiles,lg,ال جي,1,
"LG تلفزيون LED ذكي HD مقاس 32 بوصة مع ريسيفر مدمج - 32LR650B6LA، من ال جي - أسود",8999,https://www.amazon.eg/%D8%AA%D9%84%D9%81%D8%B2%D9%8A%D9%88%D9%86-%D9%85%D9%82%D8%A7%D8%B3-%D8%A8%D9%88%D8%B5%D8%A9-%D8%B1%D9%8A%D8%B3%D9%8A%D9%81%D8%B1-%D9%85%D8%AF%D9%85%D8%AC/dp/B0DM6C9GRH/ref=sr_1_16,Amazon,mobiles,lg,ال جي,32,
"تكييف سبليت انفرتر من ال جي، بقدرة 2.25 حصان، بنظام تبريد فقط، S4-Q18KL3AD، 4360",40890,https://www.amazon.eg/%D8%AA%D9%83%D9%8A%D9%8A%D9%81-%D8%B3%D8%A8%D9%84%D9%8A%D8%AA-%D8%A7%D9%86%D9%81%D8%B1%D8%AA%D8%B1-%D8%A7%D9%84-S4-Q18KL3AD%D8%8C/dp/B09YP3PPN4/ref=sr_1_18,Amazon,mobiles,lg,ال جي,2,
تلفزيون 4K سمارت نانو سيل 65 بوصة بتقنية الذكاء الاصطناعي نانو 80 بتقنية الذكاء الاصطناعي ماجيك بخاصية المدى الديناميكي العالي HDR 10 بنظام ويب او اس 25 موديل 65NANO80A6A.AFU (موديل 65) من ال جي,37999,https://www.amazon.eg/%D8%A7%D9%84%D8%A7%D8%B5%D8%B7%D9%86%D8%A7%D8%B9%D9%8A-%D8%A7%D9%84%D8%AF%D9%8A%D9%86%D8%A7%D9%85%D9%8A%D9%83%D9%8A-65NANO80A6A-AFU-%D8%A7%D9%84-%D8%AC%D9%8A/dp/B0F92TYCFV/ref=sr_1_20,Amazon,mobiles,lg,ال جي,4K,
"بوتجاز غاز 900 مدمج من ال جي، 5 شعلة، من الفولاذ المقاوم للصدأ",20850,https://www.amazon.eg/%D8%A8%D9%88%D8%AA%D8%AC%D8%A7%D8%B2-%D8%A7%D9%84-%D8%B4%D8%B9%D9%84%D8%A9%D8%8C-%D8%A7%D9%84%D9%81%D9%88%D9%84%D8%A7%D8%B0-%D8%A7%D9%84%D9%85%D9%82%D8%A7%D9%88%D9%85/dp/B0CVQBBPSK/ref=sr_1_21,Amazon,mobiles,lg,ال جي,900,
"ميكروويف بشواية بتقنية العاكس الذكي موديل MH8295CIS من ال جي، سعة 42 لتر، لون فضي",9960.48,https://www.amazon.eg/%D9%85%D9%8A%D9%83%D8%B1%D9%88%D9%88%D9%8A%D9%81-%D8%A8%D8%B4%D9%88%D8%A7%D9%8A%D8%A9-%D8%A8%D8%AA%D9%82%D9%86%D9%8A%D8%A9-MH8295CIS-%D8%A7%D9%84/dp/B0F26MT6HH/ref=sr_1_22,Amazon,mobiles,lg,ال جي,42,
تكييف سبليت نيو هيرو 1.5 حصان بارد وساخن من ال جي - أبيض,24490,https://www.amazon.eg/%D8%AA%D9%83%D9%8A%D9%8A%D9%81-%D8%B3%D8%A8%D9%84%D9%8A%D8%AA-%D9%88%D8%B3%D8%A7%D8%AE%D9%86-%D8%A7%D9%84-%D8%AC%D9%8A/dp/B0DBR2DRXP/ref=sr_1_23,Amazon,mobiles,lg,ال جي,1,
"تلفزيون ذكي UA85 بدقة كاملة فائقة UHD 4K مقاس 65 بوصة مع جهاز تحكم ماجيك بتقنية الذكاء الاصطناعي من ال جي، يدعم HDR10 بنظام تشغيل ويب أو إس 25، موديل 65UA85006LA.AFU (إصدار 2025)",27666,https://www.amazon.eg/%D8%AA%D9%84%D9%81%D8%B2%D9%8A%D9%88%D9%86-%D8%A8%D8%AA%D9%82%D9%86%D9%8A%D8%A9-%D8%A7%D9%84%D8%A7%D8%B5%D8%B7%D9%86%D8%A7%D8%B9%D9%8A-%D8%A7%D9%84-65UA85006LA-AFU/dp/B0F92W927K/ref=sr_1_24,Amazon,mobiles,lg,ال جي,4K,
"موبايل ذكي اورا TA-1631 DS 4 جيجابايت/128 جيجابايت NENA2 شريحتين اتصال، مقاس 6.56 بوصة، أخضر من اتش ام دي، نينا 2",4910.4,https://www.amazon.eg/TA-1631-%D8%AC%D9%8A%D8%AC%D8%A7%D8%A8%D8%A7%D9%8A%D8%AA-%D8%B4%D8%B1%D9%8A%D8%AD%D8%AA%D9%8A%D9%86-%D8%A7%D8%AA%D8%B4-%D8%A7%D9%85/dp/B0D7ZSL3GG/ref=sr_1_9,Amazon,mobiles,motorola,Unknown,1631,
"موبايل سامسونج جالاكسي M55 شبكة الجيل الخامس 5G يعمل بنظام أندرويد بشريحتي اتصال وذاكرة رام 8 جيجابايت وسعة تخزينية 128 جيجابايت، لون أسود، ضمان لمدة عام/إصدار محلي",13999,https://www.amazon.eg/%D8%B3%D8%A7%D9%85%D8%B3%D9%88%D9%86%D8%AC-%D8%AC%D8%A7%D9%84%D8%A7%D9%83%D8%B3%D9%8A-%D8%A3%D9%86%D8%AF%D8%B1%D9%88%D9%8A%D8%AF-%D8%AC%D9%8A%D8%AC%D8%A7%D8%A8%D8%A7%D9%8A%D8%AA-%D8%AC%D9%8A%D8%AC%D8%A7%D8%A8%D8%A7%D9%8A%D8%AA%D8%8C/dp/B0DNMMSRT2/ref=sr_1_10,Amazon,mobiles,motorola,سامسونج,M55,
"موبايل سامسونج جالاكسي A16 LTE، موبايل يعمل بنظام أندرويد بشريحتين اتصال وذاكرة رام 6 جيجا، السعة التخزينية 128 جيجا، لون رمادي",8080,https://www.amazon.eg/%D8%B3%D8%A7%D9%85%D8%B3%D9%88%D9%86%D8%AC-%D8%AC%D8%A7%D9%84%D8%A7%D9%83%D8%B3%D9%8A-%D8%A3%D9%86%D8%AF%D8%B1%D9%88%D9%8A%D8%AF-%D8%A8%D8%B4%D8%B1%D9%8A%D8%AD%D8%AA%D9%8A%D9%86-%D8%A7%D9%84%D8%AA%D8%AE%D8%B2%D9%8A%D9%86%D9%8A%D8%A9/dp/B0DMF3ZYBQ/ref=sr_1_15,Amazon,mobiles,motorola,سامسونج,A16,
جوال ريلمي C67 ثنائي شرائح الاتصال بذاكرة روم 256GB - RAM 8GB (جي اس ام فقط | بدون سي دي ايه) هاتف ذكي 4G LTE مفتوح من المصنع (صني اويسيس) اصدار عالمي,9590,https://www.amazon.eg/%D8%B1%D9%8A%D9%84%D9%85%D9%8A-%D8%AB%D9%86%D8%A7%D8%A6%D9%8A-%D8%B4%D8%B1%D8%A7%D8%A6%D8%AD-%D8%A7%D9%84%D8%A7%D8%AA%D8%B5%D8%A7%D9%84-%D8%A8%D8%B0%D8%A7%D9%83%D8%B1%D8%A9/dp/B0CQRCWH7P/ref=sr_1_20,Amazon,mobiles,motorola,ريلمي,C67,
"ايفون 13 بسعة تخزين 128 جيجابايت، ستارلايت، مع خاصية التعرف على الوجه، (ضمان لمدة عامين)",32222,https://www.amazon.eg/%D8%A7%D9%8A%D9%81%D9%88%D9%86-%D8%AC%D9%8A%D8%AC%D8%A7%D8%A8%D8%A7%D9%8A%D8%AA%D8%8C-%D8%B3%D8%AA%D8%A7%D8%B1%D9%84%D8%A7%D9%8A%D8%AA%D8%8C-%D8%A7%D9%84%D8%AA%D8%B9%D8%B1%D9%81-%D8%A7%D9%84%D9%88%D8%AC%D9%87%D8%8C/dp/B09G9BJD28/ref=sr_1_23,Amazon,mobiles,motorola,ايفون,13,
"ايفون 13 بسعة تخزين 128 جيجابايت، ستارلايت، مع خاصية التعرف على الوجه، (ضمان لمدة عامين)",32222,https://www.amazon.eg/%D8%A7%D9%8A%D9%81%D9%88%D9%86-%D8%AC%D9%8A%D8%AC%D8%A7%D8%A8%D8%A7%D9%8A%D8%AA%D8%8C-%D8%B3%D8%AA%D8%A7%D8%B1%D9%84%D8%A7%D9%8A%D8%AA%D8%8C-%D8%A7%D9%84%D8%AA%D8%B9%D8%B1%D9%81-%D8%A7%D9%84%D9%88%D8%AC%D9%87%D8%8C/dp/B09G9BJD28/ref=sr_1_27,Amazon,mobiles,motorola,ايفون,13,
"موبايل بوكو X6 برو شبكة الجيل الخامس 5G، ثنائي شرائح الاتصال، رمادي، ذاكرة رام 12 جيجابايت وذاكرة 512 جيجابايت - إصدار عالمي",19950,https://www.amazon.eg/%D9%85%D9%88%D8%A8%D8%A7%D9%8A%D9%84-%D8%A7%D9%84%D8%AE%D8%A7%D9%85%D8%B3-%D8%A7%D9%84%D8%A7%D8%AA%D8%B5%D8%A7%D9%84%D8%8C-%D8%B1%D9%85%D8%A7%D8%AF%D9%8A%D8%8C-%D8%AC%D9%8A%D8%AC%D8%A7%D8%A8%D8%A7%D9%8A%D8%AA/dp/B0CPXZHT66/ref=sr_1_4,Amazon,mobiles,بوكو,بوكو,X6,برو
موبايل شاومي بوكو C65 8-256 - لون أزرق,7880,https://www.amazon.eg/%D9%85%D9%88%D8%A8%D8%A7%D9%8A%D9%84-%D8%B4%D8%A7%D9%88%D9%85%D9%8A-%D8%A8%D9%88%D9%83%D9%88-C65-8-256/dp/B0CMRWYF9P/ref=sr_1_5,Amazon,mobiles,بوكو,شاومي,C65,
"موبايل سامسونج جالاكسي M55 شبكة الجيل الخامس 5G يعمل بنظام أندرويد بشريحتي اتصال وذاكرة رام 8 جيجابايت وسعة تخزينية 256 جيجابايت، لون أخضر فاتح، ضمان لمدة عام/إصدار محلي",15899,https://www.amazon.eg/%D8%B3%D8%A7%D9%85%D8%B3%D9%88%D9%86%D8%AC-%D8%AC%D8%A7%D9%84%D8%A7%D9%83%D8%B3%D9%8A-%D8%A3%D9%86%D8%AF%D8%B1%D9%88%D9%8A%D8%AF-%D8%AC%D9%8A%D8%AC%D8%A7%D8%A8%D8%A7%D9%8A%D8%AA-%D8%AC%D9%8A%D8%AC%D8%A7%D8%A8%D8%A7%D9%8A%D8%AA%D8%8C/dp/B0DNMM1RYQ/ref=sr_1_14,Amazon,mobiles,بوكو,سامسونج,M55,
"موبايل ذكي اورا TA-1631 DS 4 جيجابايت/128 جيجابايت NENA2 شريحتين اتصال، مقاس 6.56 بوصة، أخضر من اتش ام دي، نينا 2",4910.4,https://www.amazon.eg/TA-1631-%D8%AC%D9%8A%D8%AC%D8%A7%D8%A8%D8%A7%D9%8A%D8%AA-%D8%B4%D8%B1%D9%8A%D8%AD%D8%AA%D9%8A%D9%86-%D8%A7%D8%AA%D8%B4-%D8%A7%D9%85/dp/B0D7ZSL3GG/ref=sr_1_17,Amazon,mobiles,بوكو,Unknown,1631,
"موبايل سامسونج جالاكسي ايه 55 الجيل الخامس 5G، ثنائي شرائح الاتصال، ذاكرة رام 8 جيجا، تخزين 128 جيجا، كحلي رائع - ضمان لمدة عام / اصدار محلي",19999,https://www.amazon.eg/%D9%85%D9%88%D8%A8%D8%A7%D9%8A%D9%84-%D8%B3%D8%A7%D9%85%D8%B3%D9%88%D9%86%D8%AC-%D8%AC%D8%A7%D9%84%D8%A7%D9%83%D8%B3%D9%8A-%D8%A7%D9%84%D8%AE%D8%A7%D9%85%D8%B3-%D8%A7%D9%84%D8%A7%D8%AA%D8%B5%D8%A7%D9%84%D8%8C/dp/B0CX95PRMC/ref=sr_1_20,Amazon,mobiles,بوكو,سامسونج,A55,
ريلمي جوال C75 ثنائي شرائح الاتصال بذاكرة روم 128GB وذاكرة RAM 8GB (جي اس ام فقط | بدون سي دي ام ايه) هاتف ذكي 4G/LTE مفتوح من المصنع (ذهبي) - اصدار عالمي,8350,https://www.amazon.eg/%D8%B1%D9%8A%D9%84%D9%85%D9%8A-C75-%D8%A7%D9%84%D8%A7%D8%AA%D8%B5%D8%A7%D9%84-%D8%A8%D8%B0%D8%A7%D9%83%D8%B1%D8%A9-%D9%88%D8%B0%D8%A7%D9%83%D8%B1%D8%A9/dp/B0DRVRSNZ6/ref=sr_1_22,Amazon,mobiles,بوكو,ريلمي,C75,
جوال ريلمي C67 ثنائي شرائح الاتصال بذاكرة روم 256GB - RAM 8GB (جي اس ام فقط | بدون سي دي ايه) هاتف ذكي 4G LTE مفتوح من المصنع (صني اويسيس) اصدار عالمي,9590,https://www.amazon.eg/%D8%B1%D9%8A%D9%84%D9%85%D9%8A-%D8%AB%D9%86%D8%A7%D8%A6%D9%8A-%D8%B4%D8%B1%D8%A7%D8%A6%D8%AD-%D8%A7%D9%84%D8%A7%D8%AA%D8%B5%D8%A7%D9%84-%D8%A8%D8%B0%D8%A7%D9%83%D8%B1%D8%A9/dp/B0CQRCWH7P/ref=sr_1_24,Amazon,mobiles,بوكو,ريلمي,C67,
"موبايل ون بلس 12 شبكة الجيل الخامس 5G ثنائي شرائح الاتصال بذاكرة رام 16 جيجابايت وذاكرة تخزين 512 جيجابايت، لون زمردي فلوي - النسخة العالمية",39350,https://www.amazon.eg/%D9%88%D9%86-%D8%A8%D9%84%D8%B3-%D8%A7%D9%84%D8%A7%D8%AA%D8%B5%D8%A7%D9%84-%D8%AC%D9%8A%D8%AC%D8%A7%D8%A8%D8%A7%D9%8A%D8%AA-%D8%AC%D9%8A%D8%AC%D8%A7%D8%A8%D8%A7%D9%8A%D8%AA%D8%8C/dp/B0CQPP6JTH/ref=sr_1_26,Amazon,mobiles,بوكو,ون بلس,12,
موبايل ريلمي نوت 50 بشريحتين اتصال وذاكرة ROM سعة 128 جيجا رام 4 بتقنية GSM فقط بدون سي دي ام ايه وشبكة الجيل الرابع 4G LTE مفتوحة من المصنع إصدار عالمي لون أسود ميدنايت,5550,https://www.amazon.eg/%D9%85%D9%88%D8%A8%D8%A7%D9%8A%D9%84-%D8%B1%D9%8A%D9%84%D9%85%D9%8A-%D8%A8%D8%B4%D8%B1%D9%8A%D8%AD%D8%AA%D9%8A%D9%86-%D9%88%D8%B0%D8%A7%D9%83%D8%B1%D8%A9-%D9%85%D9%8A%D8%AF%D9%86%D8%A7%D9%8A%D8%AA/dp/B0CV4KL9HC/ref=sr_1_29,Amazon,mobiles,بوكو,ريلمي,50,
"موبايل ريلمي C67 بلون صني أويسيز، 8-256",9590,https://www.amazon.eg/%D9%85%D9%88%D8%A8%D8%A7%D9%8A%D9%84-%D8%B1%D9%8A%D9%84%D9%85%D9%8A-%D8%A8%D9%84%D9%88%D9%86-%D8%A3%D9%88%D9%8A%D8%B3%D9%8A%D8%B2%D8%8C-8-256/dp/B0CVXTLC6F/ref=sr_1_32,Amazon,mobiles,بوكو,ريلمي,C67,
موبايل ريدمي A5 بذاكرة رام 4 جيجابايت وذاكرة داخلية 128 جيجابايت من شاومي - أزرق,4950,https://www.amazon.eg/%D9%85%D9%88%D8%A8%D8%A7%D9%8A%D9%84-%D8%A8%D8%B0%D8%A7%D9%83%D8%B1%D8%A9-%D8%AC%D9%8A%D8%AC%D8%A7%D8%A8%D8%A7%D9%8A%D8%AA-%D9%88%D8%B0%D8%A7%D9%83%D8%B1%D8%A9-%D8%B4%D8%A7%D9%88%D9%85%D9%8A/dp/B0F48736PW/ref=sr_1_10,Amazon,mobiles,ريدمي,ريدمي,A5,
"موبايل شاومي ريدمي نوت 13 8GB بشريحتين اتصال، ذاكرة رام 8 جيجا + ذاكرة تخزين داخلية 256 جيجا (6.67 بوصة) (شبكة الجيل الرابع 4G) - (ميدنايت بلاك)",8990,https://www.amazon.eg/%D9%85%D9%88%D8%A8%D8%A7%D9%8A%D9%84-%D8%B4%D8%A7%D9%88%D9%85%D9%8A-13-%D8%A8%D8%B4%D8%B1%D9%8A%D8%AD%D8%AA%D9%8A%D9%86-%D8%A7%D8%AA%D8%B5%D8%A7%D9%84%D8%8C/dp/B0CWRLJYGJ/ref=sr_1_12,Amazon,mobiles,ريدمي,ريدمي,13,نوت
ريدمي نوت 13 برو + شبكة الجيل الخامس 5G اسود فيوجن ذاكرة رام 12 جيجابايت تخزين 512 بشريحتين,21550,https://www.amazon.eg/%D8%B1%D9%8A%D8%AF%D9%85%D9%8A-%D8%A7%D9%84%D8%AC%D9%8A%D9%84-%D8%A7%D9%84%D8%AE%D8%A7%D9%85%D8%B3-%D8%AC%D9%8A%D8%AC%D8%A7%D8%A8%D8%A7%D9%8A%D8%AA-%D8%A8%D8%B4%D8%B1%D9%8A%D8%AD%D8%AA%D9%8A%D9%86/dp/B0CRQ8R766/ref=sr_1_15,Amazon,mobiles,ريدمي,ريدمي,13,نوت
"موبايل ريدمي نوت 13 برو + شبكة الجيل الخامس 5G (أرجواني فيوجن، ذاكرة رام 12 جيجابايت، ذاكرة روم 512 جيجابايت)",21500,https://www.amazon.eg/%D9%85%D9%88%D8%A8%D8%A7%D9%8A%D9%84-%D8%B1%D9%8A%D8%AF%D9%85%D9%8A-%D8%A3%D8%B1%D8%AC%D9%88%D8%A7%D9%86%D9%8A-%D8%AC%D9%8A%D8%AC%D8%A7%D8%A8%D8%A7%D9%8A%D8%AA%D8%8C-%D8%AC%D9%8A%D8%AC%D8%A7%D8%A8%D8%A7%D9%8A%D8%AA/dp/B0CRQ8874B/ref=sr_1_24,Amazon,mobiles,ريدمي,ريدمي,13,نوت
موبايل ريلمي نوت 50 شبكة الجيل الرابع 4G بذاكرة رام 4 جيجابايت والسعة التخزينية 128 جيجابايت - لون أزرق سماوي,5398.98,https://www.amazon.eg/%D9%85%D9%88%D8%A8%D8%A7%D9%8A%D9%84-%D8%B1%D9%8A%D9%84%D9%85%D9%8A-%D8%A7%D9%84%D8%B1%D8%A7%D8%A8%D8%B9-%D8%AC%D9%8A%D8%AC%D8%A7%D8%A8%D8%A7%D9%8A%D8%AA-%D8%A7%D9%84%D8%AA%D8%AE%D8%B2%D9%8A%D9%86%D9%8A%D8%A9/dp/B0CW218GHZ/ref=sr_1_36,Amazon,mobiles,ريدمي,ريلمي,50,
"موبايل بوكو X6 برو شبكة الجيل الخامس 5G، ثنائي شرائح الاتصال، رمادي، ذاكرة رام 12 جيجابايت وذاكرة 512 جيجابايت - إصدار عالمي",19950,https://www.amazon.eg/%D9%85%D9%88%D8%A8%D8%A7%D9%8A%D9%84-%D8%A7%D9%84%D8%AE%D8%A7%D9%85%D8%B3-%D8%A7%D9%84%D8%A7%D8%AA%D8%B5%D8%A7%D9%84%D8%8C-%D8%B1%D9%85%D8%A7%D8%AF%D9%8A%D8%8C-%D8%AC%D9%8A%D8%AC%D8%A7%D8%A8%D8%A7%D9%8A%D8%AA/dp/B0CPXZHT66/ref=sr_1_38,Amazon,mobiles,ريدمي,بوكو,X6,برو
جوال ريلمي C67 ثنائي شرائح الاتصال بذاكرة روم 256GB - RAM 8GB (جي اس ام فقط | بدون سي دي ايه) هاتف ذكي 4G LTE مفتوح من المصنع (صني اويسيس) اصدار عالمي,9590,https://www.amazon.eg/%D8%B1%D9%8A%D9%84%D9%85%D9%8A-%D8%AB%D9%86%D8%A7%D8%A6%D9%8A-%D8%B4%D8%B1%D8%A7%D8%A6%D8%AD-%D8%A7%D9%84%D8%A7%D8%AA%D8%B5%D8%A7%D9%84-%D8%A8%D8%B0%D8%A7%D9%83%D8%B1%D8%A9/dp/B0CQRCWH7P/ref=sr_1_39,Amazon,mobiles,ريدمي,ريلمي,C67,
موبايل ريلمي نوت 50 ذاكرة رام 4 جيجابايت السعة التخزينية 128 أسود غامق بشريحتين,5665.78,https://www.amazon.eg/%D8%B1%D9%8A%D9%84%D9%85%D9%8A-50-%D8%AC%D9%8A%D8%AC%D8%A7%D8%A8%D8%A7%D9%8A%D8%AA-%D8%A7%D9%84%D8%AA%D8%AE%D8%B2%D9%8A%D9%86%D9%8A%D8%A9-%D8%A8%D8%B4%D8%B1%D9%8A%D8%AD%D8%AA%D9%8A%D9%86/dp/B0D1VMW5JD/ref=sr_1_40,Amazon,mobiles,ريدمي,ريلمي,50,
"موبايل ريلمي C67 شبكة الجيل الرابع 4G، بذاكرة رام 8 جيجابايت، وسعة تخزينية 256 جيجابايت - أسود (بلاك روك)",9499,https://www.amazon.eg/%D9%85%D9%88%D8%A8%D8%A7%D9%8A%D9%84-%D8%B1%D9%8A%D9%84%D9%85%D9%8A-%D8%AC%D9%8A%D8%AC%D8%A7%D8%A8%D8%A7%D9%8A%D8%AA%D8%8C-%D8%AA%D8%AE%D8%B2%D9%8A%D9%86%D9%8A%D8%A9-%D8%AC%D9%8A%D8%AC%D8%A7%D8%A8%D8%A7%D9%8A%D8%AA/dp/B0CVXXTMB3/ref=sr_1_44,Amazon,mobiles,ريدمي,ريلمي,C67,
